DATE,ROSTER_COUNT,PRETRIAL_COST,HCSO_COST,DAILY_ADMISSIONS,DAILY_RELEASES,los_1_day,los_2-3_days,los_4-7_days,los_8-14_days,los_15-30_days,los_31-60_days,los_61-90_days,los_91-182_days,los_183-365_days,los_365+_days
3/15/2020,507,"$24,060.32","$38,496.51",0,7,0,0,0,0,0,0,0,0,0,0
3/16/2020,509,"$24,155.23","$38,648.37",9,21,3,0,0,0,0,0,0,0,0,0
3/17/2020,515,"$24,439.97","$39,103.95",27,24,8,0,0,0,0,0,0,0,0,0
3/18/2020,511,"$24,250.14","$38,800.23",20,24,13,1,0,0,0,0,0,0,0,0
3/19/2020,509,"$24,155.23","$38,648.37",22,30,9,4,2,0,0,0,0,0,0,0
3/20/2020,500,"$23,728.13","$37,965.00",21,41,12,2,5,0,0,0,0,0,0,0
3/21/2020,473,"$22,446.81","$35,914.89",14,4,5,2,1,0,0,0,0,0,0,0
3/22/2020,476.5,"$22,612.90","$36,180.65",7.5,4,0,0,0,0,0,0,0,0,0,0
3/23/2020,480,"$22,779.00","$36,446.40",7.5,20,4,0,6,2,0,0,0,0,0,0
3/24/2020,465,"$22,067.16","$35,307.45",5,20,1,1,7,1,0,0,0,0,0,0
3/25/2020,456,"$21,640.05","$34,624.08",11,12,2,2,6,1,0,0,0,0,0,0
3/26/2020,448,"$21,260.40","$34,016.64",4,47,1,3,4,8,0,0,0,0,0,0
3/27/2020,416,"$19,741.80","$31,586.88",15,43,10,3,0,2,0,0,0,0,0,0
3/28/2020,387,"$18,365.57","$29,384.91",14,9,6,0,3,0,0,0,0,0,0,0
3/29/2020,384,"$18,223.20","$29,157.12",6,7,4,1,0,2,0,0,0,0,0,0
3/30/2020,395,"$18,745.22","$29,992.35",18,34,3,1,3,2,0,0,0,0,0,0
3/31/2020,371,"$17,606.27","$28,170.03",10,38,4,3,2,2,2,0,0,0,0,0
4/1/2020,347,"$16,467.32","$26,347.71",14,37,8,5,2,6,0,0,0,0,0,0
4/2/2020,318,"$15,091.09","$24,145.74",8,28,0,3,3,1,0,0,0,0,0,0
4/3/2020,299,"$14,189.42","$22,703.07",9,22,3,2,0,2,0,0,0,0,0,0
4/4/2020,288,"$13,667.40","$21,867.84",11,6,5,1,0,0,0,0,0,0,0,0
4/5/2020,297,"$14,094.51","$22,551.21",15,8,3,0,1,0,0,0,0,0,0,0
4/6/2020,301,"$14,284.33","$22,854.93",12,1,1,0,0,0,0,0,0,0,0,0
4/7/2020,307,"$14,569.07","$23,310.51",7,18,3,5,2,1,0,0,0,0,0,0
4/8/2020,303,"$14,379.24","$23,006.79",14,10,4,2,1,3,0,0,0,0,0,0
4/9/2020,302,"$14,331.79","$22,930.86",9,15,5,1,2,5,0,0,0,0,0,0
4/10/2020,306,"$14,521.61","$23,234.58",19,5,3,1,0,1,0,0,0,0,0,0
4/11/2020,313,"$14,853.81","$23,766.09",12,7,6,1,0,0,0,0,0,0,0,0
4/12/2020,318,"$15,091.09","$24,145.74",12,2,2,0,0,0,0,0,0,0,0,0
4/13/2020,325,"$15,423.28","$24,677.25",9,11,1,5,3,0,1,0,0,0,0,0
4/14/2020,322,"$15,280.91","$24,449.46",8,9,3,2,2,2,0,0,0,0,0,0
4/15/2020,323,"$15,328.37","$24,525.39",10,11,3,2,2,2,1,0,0,0,0,0
4/16/2020,324,"$15,375.83","$24,601.32",12,34,5,1,2,5,7,0,0,0,0,0
4/17/2020,308,"$14,616.53","$23,386.44",18,19,10,2,3,2,2,0,0,0,0,0
4/18/2020,306,"$14,521.61","$23,234.58",17,12,9,2,1,0,0,0,0,0,0,0
4/19/2020,310,"$14,711.44","$23,538.30",16,8,7,1,0,0,0,0,0,0,0,0
4/20/2020,309,"$14,663.98","$23,462.37",7,7,2,2,0,1,2,0,0,0,0,0
4/21/2020,317,"$15,043.63","$24,069.81",15,26,4,1,2,8,6,0,0,0,0,0
4/22/2020,312,"$14,806.35","$23,690.16",21,25,5,2,3,4,7,0,0,0,0,0
4/23/2020,303,"$14,379.24","$23,006.79",16,14,5,2,2,1,2,1,0,0,0,0
4/24/2020,308,"$14,616.53","$23,386.44",19,13,4,2,1,1,1,0,0,0,0,0
4/25/2020,314,"$14,901.26","$23,842.02",19,10,8,0,1,1,0,0,0,0,0,0
4/26/2020,319,"$15,138.54","$24,221.67",15,12,7,1,2,0,2,0,0,0,0,0
4/27/2020,327,"$15,518.19","$24,829.11",20,17,10,5,1,0,0,0,0,0,0,0
4/28/2020,325,"$15,423.28","$24,677.25",15,7,4,1,1,1,0,0,0,0,0,0
4/29/2020,333,"$15,802.93","$25,284.69",15,13,3,3,3,4,0,0,0,0,0,0
4/30/2020,338,"$16,040.21","$25,664.34",18,14,9,0,2,2,1,0,0,0,0,0
5/1/2020,341,"$16,182.58","$25,892.13",17,13,6,2,1,0,3,0,0,0,0,0
5/2/2020,352,"$16,704.60","$26,727.36",24,8,6,2,0,0,0,0,0,0,0,0
5/3/2020,360,"$17,084.25","$27,334.80",16,9,7,0,1,0,1,0,0,0,0,0
5/4/2020,370,"$17,558.81","$28,094.10",19,13,6,2,5,0,0,0,0,0,0,0
5/5/2020,373,"$17,701.18","$28,321.89",16,35,2,5,0,7,14,2,0,0,0,0
5/6/2020,353,"$16,752.06","$26,803.29",15,48,8,3,5,14,16,0,0,0,0,0
5/7/2020,336,"$15,945.30","$25,512.48",31,4,4,0,0,0,0,0,0,0,0,0
5/8/2020,344,"$16,324.95","$26,119.92",12,23,9,7,3,3,0,0,0,0,0,0
5/9/2020,347,"$16,467.32","$26,347.71",26,13,8,3,0,2,0,0,0,0,0,0
5/10/2020,355,"$16,846.97","$26,955.15",21,12,9,2,0,1,0,0,0,0,0,0
5/11/2020,363,"$17,226.62","$27,562.59",20,17,8,4,2,3,0,0,0,0,0,0
5/12/2020,364,"$17,274.08","$27,638.52",18,21,7,0,0,1,9,1,0,0,0,0
5/13/2020,369,"$17,511.36","$28,018.17",26,35,10,4,6,11,3,1,0,0,0,0
5/14/2020,357,"$16,941.88","$27,107.01",23,33,8,3,6,11,3,1,0,0,0,0
5/15/2020,348,"$16,514.78","$26,423.64",24,8,7,0,0,0,1,0,0,0,0,0
5/16/2020,360,"$17,084.25","$27,334.80",20,14,10,2,1,0,1,0,0,0,0,0
5/17/2020,363,"$17,226.62","$27,562.59",17,10,7,1,0,1,0,0,0,0,0,0
5/18/2020,370,"$17,558.81","$28,094.10",17,12,4,1,4,0,2,1,0,0,0,0
5/19/2020,383,"$18,175.74","$29,081.19",25,33,11,4,7,13,21,1,0,0,0,0
5/20/2020,373,"$17,701.18","$28,321.89",23,33,0,0,0,0,0,0,0,0,0,0
5/21/2020,363,"$17,226.62","$27,562.59",23,25,13,2,1,5,3,0,0,0,0,0
5/22/2020,360,"$17,084.25","$27,334.80",22,14,8,2,1,2,1,0,0,0,0,0
5/23/2020,368,"$17,463.90","$27,942.24",22,7,5,1,1,0,0,0,0,0,0,0
5/24/2020,381,"$18,080.83","$28,929.33",20,11,7,1,2,1,0,0,0,0,0,0
5/25/2020,401,"$19,029.96","$30,447.93",31,16,13,1,1,0,1,0,0,0,0,0
5/26/2020,417,"$19,789.26","$31,662.81",32,51,14,2,3,12,20,0,0,0,0,0
5/27/2020,405,"$19,219.78","$30,751.65",39,47,17,5,11,11,2,0,0,0,0,0
5/28/2020,385,"$18,270.66","$29,233.05",27,40,5,16,10,5,3,1,0,0,0,0
5/29/2020,370,"$17,558.81","$28,094.10",25,52,16,22,7,6,1,0,0,0,0,0
5/30/2020,347,"$16,467.32","$26,347.71",29,9,8,1,0,0,0,0,0,0,0,0
5/31/2020,354,"$16,799.51","$26,879.22",16,23,10,3,3,7,0,0,0,0,0,0
6/1/2020,348,"$16,514.78","$26,423.64",17,6,5,0,0,0,1,0,0,0,0,0
6/2/2020,353,"$16,752.06","$26,803.29",11,43,4,7,14,13,4,1,0,0,0,0
6/3/2020,328,"$15,565.65","$24,905.04",18,44,11,10,5,11,7,0,0,0,0,0
6/4/2020,307,"$14,569.07","$23,310.51",23,31,12,6,3,5,4,0,0,0,0,0
6/5/2020,302,"$14,331.79","$22,930.86",26,27,18,3,1,3,2,0,0,0,0,0
6/6/2020,299,"$14,189.42","$22,703.07",24,11,8,2,0,0,1,0,0,0,0,0
6/7/2020,303,"$14,379.24","$23,006.79",15,10,8,1,1,0,0,0,0,0,0,0
6/8/2020,306,"$14,521.61","$23,234.58",13,9,2,4,0,1,2,0,0,0,0,0
6/9/2020,316,"$14,996.18","$23,993.88",19,40,14,8,10,1,3,3,1,0,0,0
6/10/2020,299,"$14,189.42","$22,703.07",23,9,5,1,1,1,1,0,0,0,0,0
6/11/2020,311,"$14,758.89","$23,614.23",21,20,11,4,1,2,1,0,0,0,0,0
6/12/2020,318,"$15,091.09","$24,145.74",27,10,9,0,0,1,0,0,0,0,0,0
6/13/2020,327,"$15,518.19","$24,829.11",19,9,8,0,0,0,0,0,0,0,0,0
6/14/2020,331,"$15,708.02","$25,132.83",13,8,5,0,0,0,2,0,0,0,0,0
6/15/2020,344,"$16,324.95","$26,119.92",21,11,8,1,1,1,0,0,0,0,0,0
6/16/2020,355,"$16,846.97","$26,955.15",22,18,8,5,2,1,2,0,0,0,0,0
6/17/2020,356,"$16,894.43","$27,031.08",19,16,5,3,3,3,1,1,0,0,0,0
6/18/2020,353,"$16,752.06","$26,803.29",13,32,7,16,5,4,0,0,0,0,0,0
6/19/2020,342,"$16,230.04","$25,968.06",21,41,17,5,8,8,2,0,0,0,0,0
6/20/2020,318,"$15,091.09","$24,145.74",17,8,5,1,0,2,0,0,0,0,0,0
6/21/2020,337,"$15,992.76","$25,588.41",27,20,17,3,0,0,0,0,0,0,0,0
6/22/2020,336,"$15,945.30","$25,512.48",19,9,5,1,0,1,0,0,0,0,0,0
6/23/2020,353,"$16,752.06","$26,803.29",26,43,10,8,6,16,3,0,0,0,0,0
6/24/2020,331,"$15,708.02","$25,132.83",21,31,7,13,7,2,1,1,0,0,0,0
6/25/2020,324,"$15,375.83","$24,601.32",24,17,13,2,1,0,0,1,0,0,0,0
6/26/2020,324,"$15,375.83","$24,601.32",17,17,9,1,3,0,1,1,1,0,0,0
6/27/2020,327,"$15,518.19","$24,829.11",20,5,4,0,0,1,0,0,0,0,0,0
6/28/2020,336,"$15,945.30","$25,512.48",14,11,9,1,0,0,0,1,0,0,0,0
6/29/2020,355,"$16,846.97","$26,955.15",30,40,16,8,11,2,1,2,0,0,0,0
6/30/2020,340,"$16,135.13","$25,816.20",25,37,17,7,6,3,3,0,0,0,0,0
7/1/2020,327,"$15,518.19","$24,829.11",24,34,12,5,9,1,1,4,1,0,0,0
7/2/2020,328,"$15,565.65","$24,905.04",35,21,13,3,2,1,1,0,0,0,0,0
7/3/2020,330,"$15,660.56","$25,056.90",23,11,8,2,0,1,0,0,0,0,0,0
7/4/2020,335,"$15,897.84","$25,436.55",16,4,3,1,0,0,0,0,0,0,0,0
7/5/2020,350,"$16,609.69","$26,575.50",19,2,2,0,0,0,0,0,0,0,0,0
7/6/2020,366,"$17,368.99","$27,790.38",18,18,9,4,2,1,1,0,0,0,0,0
7/7/2020,365,"$17,321.53","$27,714.45",17,40,9,9,16,3,2,0,0,0,0,0
7/8/2020,360,"$17,084.25","$27,334.80",35,40,23,5,7,2,1,1,1,0,0,0
7/9/2020,333,"$15,802.93","$25,284.69",13,23,10,4,3,4,2,0,0,0,0,0
7/10/2020,324,"$15,375.83","$24,601.32",14,12,5,1,2,2,0,2,0,0,0,0
7/11/2020,323,"$15,328.37","$24,525.39",11,8,3,1,1,1,1,1,0,0,0,0
7/12/2020,334,"$15,850.39","$25,360.62",19,3,3,0,0,0,0,0,0,0,0,0
7/13/2020,344,"$16,324.95","$26,119.92",13,15,7,2,1,4,1,0,0,0,0,0
7/14/2020,356,"$16,894.43","$27,031.08",27,41,16,6,9,6,2,2,0,0,0,0
7/15/2020,345,"$16,372.41","$26,195.85",30,39,23,7,4,2,2,1,0,0,0,0
7/16/2020,327,"$15,518.19","$24,829.11",21,24,10,3,5,3,3,0,0,0,0,0
7/17/2020,328,"$15,565.65","$24,905.04",25,28,12,6,1,1,4,4,0,0,0,0
7/18/2020,325,"$15,423.28","$24,677.25",25,10,7,1,1,0,0,0,0,0,0,0
7/19/2020,333,"$15,802.93","$25,284.69",18,11,8,2,1,0,0,0,0,0,0,0
7/20/2020,336,"$15,945.30","$25,512.48",14,8.5,4,6,0,1,2,2,1,0,0,0
7/21/2020,352,"$16,704.60","$26,727.36",24.5,8.5,0,0,0,0,0,0,0,0,0,0
7/22/2020,368,"$17,463.90","$27,942.24",24.5,40,20,1,7,1,4,5,0,1,0,0
7/23/2020,355,"$16,846.97","$26,955.15",27,21,6,2,3,3,3,1,2,0,0,0
7/24/2020,353,"$16,752.06","$26,803.29",19,35,8,9,1,1,2,4,6,2,0,0
7/25/2020,344,"$16,324.95","$26,119.92",26,17,14,2,1,0,0,0,0,0,0,0
7/26/2020,351,"$16,657.14","$26,651.43",24,10,8,1,1,0,0,0,0,0,0,0
7/27/2020,360,"$17,084.25","$27,334.80",19,14,6,2,5,0,0,0,0,0,0,0
7/28/2020,367,"$17,416.44","$27,866.31",21,24,6,6,6,2,3,0,1,0,0,0
7/29/2020,370,"$17,558.81","$28,094.10",27,19,9,2,1,4,2,0,0,0,0,0
7/30/2020,372,"$17,653.73","$28,245.96",21,19,8,2,2,6,0,0,0,0,0,0
7/31/2020,369,"$17,511.36","$28,018.17",16,13,3,3,4,2,0,1,0,0,0,0
8/1/2020,374,"$17,862.23","$28,397.82",18,7,4,2,1,0,0,0,0,0,0,0
8/2/2020,389,"$18,578.63","$29,536.77",22,13,12,1,0,0,0,0,0,0,0,0
8/3/2020,400,"$19,103.99","$30,372.00",24,21,5,3,4,4,5,0,0,0,0,0
8/4/2020,405,"$19,342.79","$30,751.65",26,35,14,3,2,9,6,0,1,0,0,0
8/5/2020,394,"$18,817.43","$29,916.42",24,23,8,2,2,5,2,1,1,0,0,0
8/6/2020,396,"$18,912.95","$30,068.28",25,24,5,2,3,2,10,2,0,0,0,0
8/7/2020,390,"$18,626.39","$29,612.70",18,20,7,2,4,2,1,1,0,0,0,0
8/8/2020,387,"$18,483.11","$29,384.91",17,8,2,2,1,3,0,0,0,0,0,0
8/9/2020,395,"$18,865.19","$29,992.35",16,5,4,0,1,0,0,0,0,0,0,0
8/10/2020,419,"$20,011.43","$31,814.67",29,41,13,2,2,10,12,1,0,0,0,0
8/11/2020,400,"$19,103.99","$30,372.00",22,25,7,3,2,6,5,1,0,0,0,0
8/12/2020,391,"$18,674.15","$29,688.63",16,24,3,4,1,8,6,2,0,0,0,0
8/13/2020,391,"$18,674.15","$29,688.63",24,24,7,3,1,4,1,1,0,3,0,0
8/14/2020,384,"$18,339.83","$29,157.12",17,21,6,1,4,8,0,0,1,0,0,0
8/15/2020,384,"$18,339.83","$29,157.12",21,10,8,1,1,0,0,0,0,0,0,0
8/16/2020,411,"$19,629.35","$31,207.23",37,13,11,1,1,0,0,0,0,0,0,0
8/17/2020,421,"$20,106.95","$31,966.53",23,23,12,7,4,15,6,1,0,0,0,0
8/18/2020,422.5,"$20,178.59","$32,080.43",24.5,23,0,0,0,0,0,0,0,0,0,0
8/19/2020,424,"$20,250.23","$32,194.32",24.5,42,13,0,5,20,3,1,0,0,0,0
8/20/2020,399,"$19,056.23","$30,296.07",17,45,10,11,12,9,2,1,0,0,0,0
8/21/2020,384,"$18,339.83","$29,157.12",30,14,7,2,1,1,0,3,0,0,0,0
8/22/2020,393,"$18,769.67","$29,840.49",23,3,1,1,0,0,1,0,0,0,0,0
8/23/2020,409,"$19,533.83","$31,055.37",19,14,9,5,0,0,0,0,0,0,0,0
8/24/2020,415,"$19,820.39","$31,510.95",20,41,9,6,8,11,5,0,0,0,0,0
8/25/2020,386,"$18,435.35","$29,308.98",12,12,1,2,2,5,2,0,0,0,0,0
8/26/2020,400,"$19,103.99","$30,372.00",26,17,7,2,3,3,2,0,0,0,0,0
8/27/2020,396,"$18,912.95","$30,068.28",13,9,3,0,1,3,1,0,0,0,0,0
8/28/2020,402,"$19,199.51","$30,523.86",15,11,4,1,1,2,2,0,1,0,0,0
8/29/2020,416,"$19,868.15","$31,586.88",25,17,13,1,1,0,2,0,0,0,0,0
8/30/2020,421,"$20,106.95","$31,966.53",22,4,4,0,0,0,0,0,0,0,0,0
8/31/2020,440,"$21,014.39","$33,409.20",23,22,7,3,2,4,3,1,0,0,0,0
9/1/2020,429,"$20,554.18","$32,573.97",11,31,10,3,5,6,5,0,2,0,0,0
9/2/2020,428,"$20,506.26","$32,498.04",30,25,9,2,4,6,4,0,0,0,0,0
9/3/2020,431,"$20,650.00","$32,725.83",28,27,13,1,3,4,3,0,1,0,0,0
9/4/2020,436,"$20,889.56","$33,105.48",32,31,9,3,3,10,5,1,0,0,0,0
9/5/2020,438,"$20,985.38","$33,257.34",33,8,6,1,0,1,0,0,0,0,0,0
9/6/2020,453,"$21,704.06","$34,396.29",23,7,4,1,0,1,0,0,1,0,0,0
9/7/2020,466,"$22,326.91","$35,383.38",20,6,5,0,0,0,0,1,0,0,0,0
9/8/2020,491,"$23,524.71","$37,281.63",31,17,5,2,5,1,1,1,1,1,0,0
9/9/2020,505,"$24,195.47","$38,344.65",31,30,9,7,6,4,3,1,0,0,0,0
9/10/2020,488,"$23,380.97","$37,053.84",13,48,3,4,10,14,14,1,0,0,0,0
9/11/2020,468,"$22,422.74","$35,535.24",28,29,12,3,8,3,3,0,0,0,0,0
9/12/2020,463,"$22,183.18","$35,155.59",24,7,4,0,2,1,0,0,0,0,0,0
9/13/2020,487,"$23,333.06","$36,977.91",31,15,9,3,1,2,0,0,0,0,0,0
9/14/2020,489,"$23,428.88","$37,129.77",17,49,7,2,3,10,19,7,1,0,0,0
9/15/2020,460,"$22,039.44","$34,927.80",20,41,6,0,6,15,9,3,0,2,0,0
9/16/2020,450,"$21,560.32","$34,168.50",31,41,13,6,6,12,3,1,0,0,0,0
9/17/2020,432,"$20,697.91","$32,801.76",23,25,12,1,2,4,3,1,0,0,0,0
9/18/2020,438,"$20,985.38","$33,257.34",31,31,16,4,2,1,0,0,1,4,0,0
9/19/2020,435,"$20,841.65","$33,029.55",28,18,14,1,2,0,1,0,0,0,0,0
9/20/2020,441,"$21,129.12","$33,485.13",24,8,6,1,1,0,0,0,0,0,0,0
9/21/2020,462,"$22,135.27","$35,079.66",29,22,11,2,5,4,0,0,0,0,0,0
9/22/2020,474,"$22,710.21","$35,990.82",34,39,14,0,4,7,11,2,0,0,0,0
9/23/2020,456,"$21,847.79","$34,624.08",21,30,10,1,7,11,1,0,0,0,0,0
9/24/2020,451,"$21,608.24","$34,244.43",25,13,5,3,1,1,2,0,0,1,0,0
9/25/2020,459,"$21,991.53","$34,851.87",21,52,7,7,3,23,9,2,1,0,0,0
9/26/2020,443,"$21,224.94","$33,636.99",36,9,6,1,1,0,1,0,0,0,0,0
9/27/2020,456,"$21,847.79","$34,624.08",22,4,3,0,1,0,0,0,0,0,0,0
9/28/2020,479,"$22,949.77","$36,370.47",27,34,11,11,6,1,2,1,0,1,0,0
9/29/2020,461,"$22,087.35","$35,003.73",16,19,6,2,2,0,2,3,0,0,0,0
9/30/2020,461,"$22,087.35","$35,003.73",19,40,6,3,3,14,12,2,0,0,0,0
10/1/2020,434,"$19,755.70","$32,953.62",13,28,5,4,3,2,3,1,3,4,0,0
10/2/2020,430,"$19,573.62","$32,649.90",24,19,9,0,2,4,2,0,0,1,0,0
10/3/2020,459,"$20,893.70","$34,851.87",48,19,18,1,0,0,0,0,0,0,0,0
10/4/2020,469,"$21,348.90","$35,611.17",29,12,7,1,1,1,1,1,0,0,0,0
10/5/2020,477,"$21,713.06","$36,218.61",20,52,8,5,6,15,10,3,0,0,1,0
10/6/2020,452,"$20,575.06","$34,320.36",27,26,7,2,4,3,6,3,0,1,0,0
10/7/2020,453,"$20,620.58","$34,396.29",27,25,10,1,3,8,2,1,0,0,0,0
10/8/2020,458,"$20,848.18","$34,775.94",30,17,9,2,3,2,0,0,0,0,0,0
10/9/2020,465,"$21,166.82","$35,307.45",24,20,9,1,4,3,3,0,0,0,0,0
10/10/2020,484,"$22,031.70","$36,750.12",39,10,6,3,0,0,1,0,0,0,0,0
10/11/2020,495,"$22,532.42","$37,585.35",21,11,6,3,2,0,0,0,0,0,0,0
10/12/2020,502,"$22,851.06","$38,116.86",18,21,8,8,3,0,2,0,0,0,0,0
10/13/2020,511,"$23,260.74","$38,800.23",30,48,9,1,4,18,13,2,0,0,0,0
10/14/2020,488,"$22,213.78","$37,053.84",25,57,20,8,7,17,4,1,0,0,0,0
10/15/2020,449,"$20,438.50","$34,092.57",18,21,3,0,6,5,5,1,0,0,0,0
10/16/2020,468,"$21,303.38","$35,535.24",40,28,15,2,2,5,1,2,0,0,0,0
10/17/2020,469,"$21,348.90","$35,611.17",29,16,12,4,0,0,0,0,0,0,0,0
10/18/2020,475,"$21,622.02","$36,066.75",22,8,2,3,0,0,0,2,0,0,0,0
10/19/2020,485,"$22,077.22","$36,826.05",18,24,9,9,4,2,0,0,0,0,0,0
10/20/2020,483,"$21,986.18","$36,674.19",22,28,8,1,3,7,2,2,2,0,0,0
10/21/2020,484,"$22,031.70","$36,750.12",29,50,10,1,7,12,11,6,3,0,0,0
10/22/2020,468,"$21,303.38","$35,535.24",34,13,9,1,2,0,1,0,0,0,0,0
10/23/2020,483,"$21,986.18","$36,674.19",28,19,12,1,0,2,1,0,0,1,0,0
10/24/2020,509,"$23,169.70","$38,648.37",45,10,10,0,0,0,0,0,0,0,0,0
10/25/2020,518,"$23,579.38","$39,331.74",19,10,7,2,0,0,1,0,0,0,0,0
10/26/2020,527,"$23,989.06","$40,015.11",19,20,7,6,2,4,0,1,0,0,0,0
10/27/2020,528,"$24,034.58","$40,091.04",21,44,6,0,7,11,18,2,0,0,0,0
10/28/2020,516,"$23,488.34","$39,179.88",32,39,14,10,4,4,4,1,1,1,0,0
10/29/2020,498,"$22,668.98","$37,813.14",21,30,6,5,7,4,3,3,0,0,0,0
10/30/2020,494,"$22,486.90","$37,509.42",26,36,12,9,7,5,1,1,0,1,0,0
10/31/2020,487,"$22,168.26","$36,977.91",29,9,5,0,1,1,1,0,0,0,0,0
11/1/2020,500,"$28,739.51","$37,965.00",22,13,7,6,0,0,0,0,0,0,0,0
11/2/2020,505,"$29,026.90","$38,344.65",18,20,6,2,1,3,5,2,0,0,0,0
11/3/2020,516,"$29,659.17","$39,179.88",31,40,15,4,9,0,4,3,4,0,0,0
11/4/2020,504,"$28,969.42","$38,268.72",28,24,9,3,3,4,5,0,0,0,0,0
11/5/2020,504,"$28,969.42","$38,268.72",24,40,14,7,7,5,5,0,2,0,0,0
11/6/2020,479,"$27,532.45","$36,370.47",15,19,6,3,2,2,4,2,0,0,0,0
11/7/2020,492,"$28,279.67","$37,357.56",32,5,5,0,0,0,0,0,0,0,0,0
11/8/2020,516,"$29,659.17","$39,179.88",29,24,12,10,1,0,1,0,0,0,0,0
11/9/2020,519,"$29,831.61","$39,407.67",27,19,14,1,2,1,1,0,0,0,0,0
11/10/2020,518,"$29,774.13","$39,331.74",18,36,8,8,9,3,3,0,1,1,0,0
11/11/2020,517,"$29,716.65","$39,255.81",35,33,7,2,2,5,5,6,1,2,1,0
11/12/2020,506,"$29,084.38","$38,420.58",22,45,10,8,5,6,9,3,2,1,0,0
11/13/2020,484,"$27,819.84","$36,750.12",23,10,2,0,1,4,2,0,0,1,0,0
11/14/2020,516,"$29,659.17","$39,179.88",42,25,19,3,1,2,0,0,0,0,0,0
11/15/2020,514,"$29,544.21","$39,028.02",23,20,13,4,1,1,1,0,0,0,0,0
11/16/2020,519,"$29,831.61","$39,407.67",25,47,15,4,6,11,3,4,0,2,0,0
11/17/2020,491,"$28,222.19","$37,281.63",19,28,13,5,4,3,1,2,0,0,0,0
11/18/2020,488,"$28,049.76","$37,053.84",25,31,13,2,10,2,2,2,0,0,0,0
11/19/2020,481,"$27,647.40","$36,522.33",24,21,10,1,2,4,1,2,0,0,0,0
11/20/2020,483,"$27,762.36","$36,674.19",23,15,7,0,2,3,2,1,0,0,0,0
11/21/2020,487,"$27,992.28","$36,977.91",19,14,5,4,1,2,1,0,0,1,0,0
11/22/2020,497,"$28,567.07","$37,737.21",24,9,9,0,0,0,0,0,0,0,0,0
11/23/2020,503,"$28,911.94","$38,192.79",15,32,9,1,5,2,2,11,0,1,1,0
11/24/2020,504,"$28,969.42","$38,268.72",33,48,16,5,11,2,1,10,2,1,0,0
11/25/2020,482,"$27,704.88","$36,598.26",26,41,17,8,8,3,2,2,0,1,0,0
11/26/2020,460,"$26,440.34","$34,927.80",19,5,4,1,0,0,0,0,0,0,0,0
11/27/2020,470,"$27,015.13","$35,687.10",15,7,3,1,1,0,2,0,0,0,0,0
11/28/2020,493,"$28,337.15","$37,433.49",30,6,7,4,1,0,0,0,0,0,0,0
11/29/2020,500.5,"$28,768.24","$38,002.97",13.5,6,0,0,0,0,0,0,0,0,0,0
11/30/2020,508,"$29,199.34","$38,572.44",13.5,44,9,2,6,13,1,10,2,1,0,0
12/1/2020,486,"$28,266.92","$36,901.98",22,50,17,10,16,3,2,0,0,2,0,0
12/2/2020,465,"$27,045.51","$35,307.45",29,64,16,6,5,3,8,9,3,7,1,0
12/3/2020,420,"$24,428.20","$31,890.60",19,36,4,1,2,5,7,4,2,3,0,0
12/4/2020,412,"$23,962.90","$31,283.16",28,42,10,1,2,1,1,11,2,3,0,0
12/5/2020,389,"$22,625.17","$29,536.77",19,14,11,1,0,0,1,1,0,0,0,0
12/6/2020,388,"$22,567.00","$29,460.84",13,4,3,1,0,0,0,0,0,0,0,0
12/7/2020,409,"$23,788.41","$31,055.37",25,18,10,2,1,0,2,2,0,1,0,0
12/8/2020,407,"$23,672.09","$30,903.51",16,51,8,6,12,3,8,6,2,1,1,0
12/9/2020,381,"$22,159.87","$28,929.33",25,43,15,6,8,1,6,5,1,0,0,0
12/10/2020,352,"$20,473.16","$26,727.36",14,34,8,6,2,8,7,3,0,0,0,0
12/11/2020,343,"$19,949.70","$26,043.99",25,17,10,2,0,3,1,0,0,0,1,0
12/12/2020,351,"$20,415.00","$26,651.43",25,11,9,1,1,0,0,0,0,0,0,0
12/13/2020,362,"$21,054.78","$27,486.66",22,7,6,1,0,0,0,0,0,0,0,0
12/14/2020,373,"$21,694.57","$28,321.89",18,22,7,4,2,1,4,3,0,1,0,0
12/15/2020,381,"$22,159.87","$28,929.33",30,50,18,11,10,3,0,2,1,2,1,0
12/16/2020,346,"$20,124.18","$26,271.78",15,36,9,6,6,7,2,3,2,0,1,0
12/17/2020,343,"$19,949.70","$26,043.99",33,57,23,7,2,4,4,8,3,2,2,0
12/18/2020,311,"$18,088.50","$23,614.23",25,18,11,2,2,2,1,0,0,0,0,0
12/19/2020,315,"$18,321.15","$23,917.95",22,15,10,4,0,0,1,0,0,0,0,0
12/20/2020,315,"$18,321.15","$23,917.95",15,8,7,1,0,0,0,0,0,0,0,0
12/21/2020,331,"$19,251.75","$25,132.83",24,14,9,0,2,1,0,0,2,0,0,0
12/22/2020,342,"$19,891.53","$25,968.06",25,49,11,3,2,9,9,8,3,4,0,0
12/23/2020,318,"$18,495.64","$24,145.74",25,39,18,7,12,0,1,0,1,0,0,0
12/24/2020,302,"$17,565.04","$22,930.86",23,54,13,11,17,10,2,0,1,0,0,0
12/25/2020,264,"$15,354.87","$20,045.52",16,3,3,0,0,0,0,0,0,0,0,0
12/26/2020,270,"$15,703.84","$20,501.10",9,35,5,19,5,3,0,1,2,0,0,0
12/27/2020,248,"$14,424.27","$18,830.64",13,5,5,0,0,0,0,0,0,0,0,0
12/28/2020,261,"$15,180.38","$19,817.73",18,14,8,2,2,1,0,0,1,0,0,0
12/29/2020,269,"$15,645.68","$20,425.17",22,15.2,13,6,4,4,10,7,12,9,0,0
12/30/2020,268,"$15,587.52","$20,349.24",14.2,15.2,0,0,0,0,0,0,0,0,0,0
12/31/2020,267,"$15,529.36","$20,273.31",14.2,15.2,0,0,0,0,0,0,0,0,0,0
1/1/2021,266,"$15,097.54","$20,197.38",14.2,15.2,0,0,0,0,0,0,0,0,0,0
1/2/2021,265,"$15,040.78","$20,121.45",14.2,15.2,0,0,0,0,0,0,0,0,0,0
1/3/2021,264,"$14,984.03","$20,045.52",14.2,3,3,0,0,0,0,0,0,0,0,0
1/4/2021,266,"$15,097.54","$20,197.38",5,17,2,11,3,0,1,0,0,0,0,0
1/5/2021,277,"$15,721.88","$21,032.61",28,89,11,8,0,0,0,20,13,27,2,0
1/6/2021,210,"$11,919.11","$15,945.30",22,20,11,4,3,1,0,0,1,0,0,0
1/7/2021,207,"$11,748.84","$15,717.51",17,39,8,3,5,0,1,9,3,2,1,0
1/8/2021,182,"$10,329.90","$13,819.26",14,75,4,2,20,8,2,3,4,14,2,0
1/9/2021,170,"$9,648.80","$12,908.10",63,23,20,1,2,0,0,0,0,0,0,0
1/10/2021,158,"$8,967.71","$11,996.94",11,9,1,3,4,1,0,0,0,0,0,0
1/11/2021,173,"$9,819.08","$13,135.89",24,15,11,3,1,0,0,0,0,0,0,0
1/12/2021,179,"$10,159.62","$13,591.47",21,15,8,0,4,1,1,0,1,0,0,0
1/13/2021,191,"$10,840.72","$14,502.63",27,15,7,3,5,0,0,0,0,0,0,0
1/14/2021,212,"$12,032.63","$16,097.16",36,17,14,2,1,0,0,0,0,0,0,0
1/15/2021,212,"$12,032.63","$16,097.16",17,15,5,2,7,1,0,0,0,0,0,0
1/16/2021,433,"$24,576.07","$32,877.69",236,9,6,0,0,1,1,0,0,1,0,0
1/17/2021,605,"$34,338.39","$45,937.65",181,17,13,4,0,0,0,0,0,0,0,0
1/18/2021,612,"$34,735.70","$46,469.16",24,10,3,4,0,2,0,1,0,0,0,0
1/19/2021,632,"$35,870.85","$47,987.76",30,33,9,9,8,6,1,0,0,0,0,0
1/20/2021,619,"$35,133.00","$47,000.67",20,280,0,0,0,0,0,0,0,0,0,0
1/21/2021,351,"$19,921.94","$26,651.43",12,0,0,0,0,0,0,0,0,0,0,0
1/22/2021,351,"$19,921.94","$26,651.43",0,0,0,0,0,0,0,0,0,0,0,0
1/23/2021,351,"$19,921.94","$26,651.43",0,0,0,0,0,0,0,0,0,0,0,0
1/24/2021,351,"$19,921.94","$26,651.43",0,0,0,0,0,0,0,0,0,0,0,0
1/25/2021,351,"$19,921.94","$26,651.43",0,0,0,0,0,0,0,0,0,0,0,0
1/26/2021,351,"$19,921.94","$26,651.43",0,0,0,0,0,0,0,0,0,0,0,0
1/27/2021,351,"$19,921.94","$26,651.43",0,0,0,0,0,0,0,0,0,0,0,0
1/28/2021,351,"$19,921.94","$26,651.43",0,0,0,0,0,0,0,0,0,0,0,0
1/29/2021,351,"$19,921.94","$26,651.43",0,0,0,0,0,0,0,0,0,0,0,0
1/30/2021,351,"$19,921.94","$26,651.43",0,0,0,0,0,0,0,0,0,0,0,0
1/31/2021,351,"$19,921.94","$26,651.43",0,0,0,0,0,0,0,0,0,0,0,0
2/1/2021,351,"$22,307.25","$26,651.43",0,0,0,0,0,0,0,0,0,0,0,0
2/2/2021,351,"$22,307.25","$26,651.43",0,0,0,0,0,0,0,0,0,0,0,0
2/3/2021,351,"$22,307.25","$26,651.43",0,99,0,0,0,0,0,0,0,0,0,0
2/4/2021,580,"$36,860.98","$44,039.40",328,37,0,0,0,0,4,0,0,0,0,0
2/5/2021,568,"$36,098.34","$43,128.24",25,31,8,0,0,0,3,0,1,0,0,0
2/6/2021,557,"$35,399.25","$42,293.01",20,30,8,0,0,0,2,0,0,0,0,0
2/7/2021,594,"$37,750.73","$45,102.42",67,22,16,1,0,0,1,1,0,0,0,0
2/8/2021,592,"$37,623.62","$44,950.56",20,94,13,14,6,0,11,3,0,0,1,0
2/9/2021,498,"$31,649.60","$37,813.14",0,0,0,0,0,0,0,0,0,0,0,0
2/10/2021,498,"$31,649.60","$37,813.14",0,0,0,0,0,0,0,0,0,0,0,0
2/11/2021,498,"$31,649.60","$37,813.14",0,2,0,0,0,0,1,0,0,0,0,0
2/12/2021,501,"$31,840.26","$38,040.93",5,3,1,0,1,0,1,0,0,0,0,0
2/13/2021,631,"$40,102.20","$47,911.83",133,23,14,0,2,0,4,0,0,0,0,0
2/14/2021,635,"$40,356.42","$48,215.55",27,10,7,2,0,1,0,0,0,0,0,0
2/15/2021,650,"$41,309.72","$49,354.50",25,36,5,10,0,8,0,4,0,0,0,0
2/16/2021,628,"$39,911.54","$47,684.04",14,31,5,6,10,4,0,2,0,0,0,0
2/17/2021,625,"$39,720.88","$47,456.25",28,39,11,21,29,4,1,3,0,0,0,0
2/18/2021,608.5,"$38,672.25","$46,203.41",22.5,39,0,0,0,0,0,0,0,0,0,0
2/19/2021,592,"$37,623.62","$44,950.56",22.5,34,14,2,6,1,2,2,0,0,0,0
2/20/2021,594,"$37,750.73","$45,102.42",36,17,8,1,0,3,0,2,0,0,0,0
2/21/2021,603,"$38,322.71","$45,785.79",26,10,5,1,1,0,1,1,0,0,0,0
2/22/2021,615,"$39,085.35","$46,696.95",22,33,3,18,2,3,3,1,0,1,0,0
2/23/2021,601,"$38,195.60","$45,633.93",19,25,6,10,2,2,0,2,0,0,0,0
2/24/2021,607,"$38,576.92","$46,089.51",31,17,7,3,1,3,2,0,0,0,0,0
2/25/2021,626,"$39,784.43","$47,532.18",36,28,13,6,3,0,1,2,0,0,0,0
2/26/2021,628,"$39,911.54","$47,684.04",30,37,14,9,1,4,1,5,0,0,0,0
2/27/2021,614,"$39,021.79","$46,621.02",23,20,7,1,2,6,2,0,1,0,0,0
2/28/2021,611,"$38,831.13","$46,393.23",17,14,5,5,0,1,1,1,0,0,0,0
3/1/2021,615,"$37,170.77","$46,696.95",18,43,8,1,8,9,10,3,0,0,0,0
3/2/2021,607,"$36,687.25","$46,089.51",35,36,7,9,6,7,3,2,0,0,0,0
3/3/2021,600,"$36,264.17","$45,558.00",29,37,8,8,5,8,4,2,0,0,0,0
3/4/2021,590,"$35,659.77","$44,798.70",27,40,12,5,3,6,4,4,0,0,0,0
3/5/2021,581,"$35,115.80","$44,115.33",31,34,10,6,1,6,3,2,2,0,0,0
3/6/2021,573,"$34,632.28","$43,507.89",26,10,4,3,0,0,0,3,0,0,0,0
3/7/2021,600,"$36,264.17","$45,558.00",37,20,9,6,0,0,1,2,0,0,0,0
3/8/2021,597,"$36,082.85","$45,330.21",17,17,2,6,2,2,2,1,0,0,0,0
3/9/2021,589,"$35,599.32","$44,722.77",9,37,3,6,11,7,6,2,1,1,0,0
3/10/2021,593,"$35,841.09","$45,026.49",41,21,11,1,2,2,3,1,0,0,0,0
3/11/2021,592,"$35,780.65","$44,950.56",20,31,7,4,7,3,2,4,0,0,0,0
3/12/2021,598,"$36,143.29","$45,406.14",37,28,10,1,5,3,3,2,0,0,0,0
3/13/2021,598,"$36,143.29","$45,406.14",28,22,9,2,2,0,5,0,1,0,0,0
3/14/2021,597,"$36,082.85","$45,330.21",21,18,8,1,1,2,4,0,1,0,0,0
3/15/2021,595,"$35,961.97","$45,178.35",16,23,5,3,5,2,1,2,2,1,0,0
3/16/2021,604,"$36,505.93","$45,861.72",32,26,8,2,6,4,3,2,0,0,0,0
3/17/2021,598,"$36,143.29","$45,406.14",20,37,11,7,10,4,2,1,0,0,0,0
3/18/2021,584,"$35,297.12","$44,343.12",23,26,8,3,1,4,5,2,2,0,0,0
3/19/2021,586,"$35,418.00","$44,494.98",28,36,15,7,4,5,1,1,1,0,0,0
3/20/2021,591,"$35,720.21","$44,874.63",41,20,13,1,1,1,1,1,2,0,0,0
3/21/2021,602,"$36,385.05","$45,709.86",31,15,7,4,0,2,0,1,1,0,0,0
3/22/2021,617,"$37,291.65","$46,848.81",30,31,10,9,3,5,0,1,3,0,0,0
3/23/2021,608,"$36,747.69","$46,165.44",22,38,12,9,8,6,0,1,2,0,0,0
3/24/2021,592,"$35,780.65","$44,950.56",22,23,4,4,4,4,1,1,3,0,0,0
3/25/2021,611,"$36,929.01","$46,393.23",42,35,11,4,5,4,6,2,1,0,0,0
3/26/2021,605,"$36,566.37","$45,937.65",29,28,5,3,0,4,9,1,2,0,0,0
3/27/2021,594,"$35,901.53","$45,102.42",17,16,4,1,2,2,2,3,1,0,0,0
3/28/2021,601,"$36,324.61","$45,633.93",23,7,5,0,0,0,2,0,0,0,0,0
3/29/2021,612,"$36,989.45","$46,469.16",18,23,7,1,7,3,2,1,0,0,0,0
3/30/2021,618,"$37,352.09","$46,924.74",29,57,8,4,7,3,5,6,17,0,0,0
3/31/2021,593,"$35,841.09","$45,026.49",32,38,11,6,14,1,1,2,2,0,0,0
4/1/2021,569,"$34,368.92","$43,204.17",14,31,4,4,7,3,3,4,3,0,0,0
4/2/2021,552,"$33,342.08","$41,913.36",14,9,1,3,0,1,1,0,2,0,0,0
4/3/2021,579,"$34,972.94","$43,963.47",36,18,9,0,3,2,3,0,0,0,0,0
4/4/2021,581,"$35,093.75","$44,115.33",20,13,9,2,1,0,1,0,0,0,0,0
4/5/2021,587,"$35,456.16","$44,570.91",19,26,5,5,9,2,2,2,0,0,0,0
4/6/2021,582,"$35,154.15","$44,191.26",21,19,3,0,3,7,2,2,1,0,0,0
4/7/2021,591,"$35,697.77","$44,874.63",28,40,10,10,6,7,3,1,2,0,0,0
4/8/2021,575,"$34,731.33","$43,659.75",24,24,7,6,2,4,3,0,1,0,0,0
4/9/2021,587,"$35,456.16","$44,570.91",36,31,11,1,6,3,6,3,0,0,0,0
4/10/2021,584,"$35,274.95","$44,343.12",28,13,4,1,2,2,1,1,2,0,0,0
4/11/2021,595,"$35,939.38","$45,178.35",24,14,8,0,0,1,2,2,0,0,1,0
4/12/2021,601,"$36,301.79","$45,633.93",20,21,5,2,4,1,1,4,0,0,0,0
4/13/2021,605,"$36,543.40","$45,937.65",25,41,14,5,4,7,6,4,1,0,0,0
4/14/2021,586,"$35,395.76","$44,494.98",22,27,5,2,8,3,5,0,3,0,0,0
4/15/2021,592,"$35,758.17","$44,950.56",33,26,9,2,3,4,2,3,3,0,0,0
4/16/2021,591,"$35,697.77","$44,874.63",25,29,9,6,0,7,2,3,0,1,0,0
4/17/2021,580,"$35,033.34","$44,039.40",18,14,3,1,0,4,1,4,0,1,0,0
4/18/2021,591,"$35,697.77","$44,874.63",25,14,9,3,0,0,0,1,0,0,0,0
4/19/2021,601,"$36,301.79","$45,633.93",24,39,12,11,6,2,4,2,0,2,0,0
4/20/2021,584,"$35,274.95","$44,343.12",22,40,6,5,6,11,5,6,1,0,0,0
4/21/2021,567,"$34,248.11","$43,052.31",23,30,6,3,6,6,4,3,0,0,0,0
4/22/2021,570,"$34,429.32","$43,280.10",33,31,9,2,1,4,8,3,2,1,0,0
4/23/2021,564,"$34,066.91","$42,824.52",25,37,7,5,2,10,3,3,3,2,0,0
4/24/2021,559,"$33,764.89","$42,444.87",32,20,8,3,1,2,6,0,0,0,0,0
4/25/2021,574,"$34,670.93","$43,583.82",35,7,7,0,0,0,0,0,0,0,0,0
4/26/2021,587,"$35,456.16","$44,570.91",20,28,6,14,3,1,3,0,0,0,0,0
4/27/2021,583,"$35,214.55","$44,267.19",24,33,10,9,7,1,4,0,1,0,0,0
4/28/2021,587,"$35,456.16","$44,570.91",37,42,17,5,5,6,3,3,1,2,0,0
4/29/2021,582,"$35,154.15","$44,191.26",37,42,20,4,6,3,5,1,0,2,0,0
4/30/2021,558,"$33,704.49","$42,368.94",18,37,8,2,7,8,3,2,4,2,0,0
5/1/2021,559,"$35,781.03","$42,444.87",38,9,5,3,1,0,0,0,0,0,0,0
5/2/2021,573,"$36,677.15","$43,507.89",23,12,7,1,1,1,0,1,0,1,0,0
5/3/2021,579,"$37,061.21","$43,963.47",18,30,6,11,2,3,3,2,1,1,0,0
5/4/2021,574,"$36,741.16","$43,583.82",25,39,13,6,12,3,1,3,0,1,0,0
5/5/2021,562,"$35,973.05","$42,672.66",27,36,6,4,5,7,6,2,3,1,0,0
5/6/2021,559,"$35,781.03","$42,444.87",33,28,8,3,2,4,1,3,2,0,0,0
5/7/2021,560,"$35,845.03","$42,520.80",29,29,8,7,6,2,2,1,2,0,0,0
5/8/2021,556,"$35,589.00","$42,217.08",25,26,7,7,4,3,2,2,0,1,0,0
5/9/2021,564,"$36,101.07","$42,824.52",34,17,10,5,0,0,0,1,1,0,0,0
5/10/2021,568,"$36,357.11","$43,128.24",21,22,5,6,3,2,2,0,2,1,0,0
5/11/2021,569,"$36,421.12","$43,204.17",23,28,11,8,3,3,2,1,0,0,0,0
5/12/2021,581,"$37,189.22","$44,115.33",40,25,11,4,4,3,0,1,0,1,0,0
5/13/2021,581,"$37,189.22","$44,115.33",25,33,10,8,6,4,1,2,0,1,0,0
5/14/2021,577,"$36,933.19","$43,811.61",29,27,7,8,2,4,3,0,1,1,0,0
5/15/2021,576,"$36,869.18","$43,735.68",26,19,10,3,2,1,2,0,1,0,0,0
5/16/2021,589,"$37,701.30","$44,722.77",32,22,9,3,0,4,3,1,0,2,0,0
5/17/2021,594,"$38,021.34","$45,102.42",27,35,12,7,3,5,3,1,2,1,0,0
5/18/2021,584,"$37,381.25","$44,343.12",25,27,9,5,7,1,0,4,0,1,0,0
5/19/2021,591,"$37,829.31","$44,874.63",34,31,11,4,3,7,3,2,0,1,0,0
5/20/2021,599,"$38,341.39","$45,482.07",39,39,15,5,4,5,1,2,2,3,0,0
5/21/2021,593,"$37,957.33","$45,026.49",33,27,14,4,2,1,4,2,0,0,0,0
5/22/2021,604,"$38,661.43","$45,861.72",38,26,8,4,6,3,0,4,0,1,0,0
5/23/2021,609,"$38,981.47","$46,241.37",31,14,4,7,1,1,1,0,0,0,0,0
5/24/2021,622,"$39,813.59","$47,228.46",27,46,12,11,6,7,4,4,1,1,0,0
5/25/2021,605,"$38,725.44","$45,937.65",29,35,14,7,8,1,3,0,1,1,0,0
5/26/2021,593,"$37,957.33","$45,026.49",23,33,7,2,6,7,8,1,1,1,0,0
5/27/2021,599,"$38,341.39","$45,482.07",39,34,14,9,5,2,1,1,2,0,0,0
5/28/2021,588,"$37,637.29","$44,646.84",23,28,8,5,4,4,5,1,1,0,0,0
5/29/2021,585,"$37,445.26","$44,419.05",25,16,7,1,1,1,2,2,1,1,0,0
5/30/2021,625,"$40,005.62","$47,456.25",56,15,14,0,0,1,0,0,0,0,0,0
5/31/2021,630,"$40,325.66","$47,835.90",20,26,11,10,2,2,1,0,0,0,0,0
6/1/2021,638,"$36,235.62","$48,443.34",34,24,10,1,3,2,2,2,1,1,0,0
6/2/2021,627,"$35,610.87","$47,608.11",13,37,5,10,8,6,3,1,2,0,0,0
6/3/2021,616,"$34,986.11","$46,772.88",26,27,11,2,6,4,2,2,0,0,0,0
6/4/2021,615,"$34,929.32","$46,696.95",26,37,10,4,4,4,4,5,1,4,0,0
6/5/2021,607,"$34,474.95","$46,089.51",29,21,6,2,1,4,4,2,1,1,0,0
6/6/2021,606,"$34,418.16","$46,013.58",20,22,3,11,1,2,2,1,0,1,0,0
6/7/2021,603,"$34,247.77","$45,785.79",19,14,0,4,1,4,2,3,0,0,0,0
6/8/2021,615,"$34,929.32","$46,696.95",26,31,9,4,7,6,3,1,0,0,0,0
6/9/2021,608,"$34,531.75","$46,165.44",24,35,5,8,3,6,6,4,1,1,0,0
6/10/2021,619,"$35,156.50","$47,000.67",46,59,19,4,3,6,14,10,1,1,0,0
6/11/2021,597,"$33,907.00","$45,330.21",37,24,7,5,5,2,2,1,1,0,0,0
6/12/2021,597,"$33,907.00","$45,330.21",24,29,8,13,0,4,4,0,0,0,0,0
6/13/2021,594,"$33,736.61","$45,102.42",26,20,8,7,1,1,2,0,0,1,0,0
6/14/2021,604,"$34,304.57","$45,861.72",30,21,6,3,4,1,3,0,1,3,0,0
6/15/2021,601,"$34,134.18","$45,633.93",18,19,3,4,4,2,3,0,0,3,0,0
6/16/2021,608,"$34,531.75","$46,165.44",26,32,13,3,2,4,5,3,1,1,0,0
6/17/2021,612,"$34,758.93","$46,469.16",36,32,9,4,8,5,1,2,1,1,0,0
6/18/2021,620,"$35,213.30","$47,076.60",40,42,16,5,4,5,4,2,1,4,0,0
6/19/2021,602,"$34,190.98","$45,709.86",24,19,7,3,1,4,4,0,0,0,0,0
6/20/2021,611,"$34,702.14","$46,393.23",28,17,9,4,1,2,0,1,0,0,0,0
6/21/2021,609,"$34,588.54","$46,241.37",15,45,7,16,10,5,3,0,1,2,0,0
6/22/2021,592,"$33,623.02","$44,950.56",28,32,6,5,4,4,3,5,1,3,0,0
6/23/2021,584,"$33,168.65","$44,343.12",24,19,5,3,4,3,4,0,0,0,0,0
6/24/2021,584,"$33,168.65","$44,343.12",19,25,5,1,3,2,6,3,4,1,0,0
6/25/2021,591,"$33,566.22","$44,874.63",32,25,6,5,1,4,2,2,2,2,0,0
6/26/2021,608,"$34,531.75","$46,165.44",42,35,18,5,4,3,2,2,0,1,0,0
6/27/2021,600,"$34,077.38","$45,558.00",27,22,13,4,1,1,1,1,0,1,0,0
6/28/2021,606,"$34,418.16","$46,013.58",28,29,8,3,5,3,3,1,3,3,0,0
6/29/2021,598,"$33,963.79","$45,406.14",21,19,1,3,2,5,6,0,0,1,0,0
6/30/2021,604,"$34,304.57","$45,861.72",25,40,8,7,3,12,2,2,3,3,0,0
7/1/2021,608,"$35,131.90","$46,165.44",44,34,14,2,2,4,4,5,0,2,0,0
7/2/2021,610,"$35,247.47","$46,317.30",36,32,13,4,5,2,3,4,1,0,0,0
7/3/2021,622,"$35,940.86","$47,228.46",44,41,17,10,3,4,4,2,0,1,0,0
7/4/2021,619,"$35,767.51","$47,000.67",38,24,21,1,0,0,1,1,0,0,0,0
7/5/2021,640,"$36,980.95","$48,595.20",45,27,20,3,1,1,1,0,0,0,0,0
7/6/2021,636,"$36,749.82","$48,291.48",23,24,6,8,1,7,1,0,0,0,0,0
7/7/2021,649,"$37,500.99","$49,278.57",37,34,17,5,3,5,2,2,0,0,0,0
7/8/2021,641,"$37,038.73","$48,671.13",26,35,6,4,7,7,7,2,1,0,0,0
7/9/2021,644,"$37,212.08","$48,898.92",38,27,12,3,5,3,3,1,0,0,0,0
7/10/2021,647,"$37,385.43","$49,126.71",30,12,7,4,1,0,0,0,0,0,0,0
7/11/2021,680,"$39,292.26","$51,632.40",45,31,19,6,1,1,1,2,0,1,0,0
7/12/2021,665,"$38,425.52","$50,493.45",16,26,4,11,4,2,1,0,2,0,1,0
7/13/2021,658,"$38,021.04","$49,961.94",19,30,5,8,6,4,3,1,0,3,0,0
7/14/2021,677,"$39,118.91","$51,404.61",49,58,24,8,7,8,5,1,1,2,0,0
7/15/2021,639,"$36,923.16","$48,519.27",20,38,9,2,9,3,6,4,2,1,1,0
7/16/2021,624,"$36,056.42","$47,380.32",23,26,14,1,2,1,5,2,0,1,0,0
7/17/2021,629,"$36,345.34","$47,759.97",31,23,15,1,1,2,3,0,1,0,0,0
7/18/2021,642,"$37,096.51","$48,747.06",36,21,15,1,1,1,1,2,0,0,0,0
7/19/2021,659,"$38,078.82","$50,037.87",38,33,18,4,4,2,2,0,0,2,0,0
7/20/2021,659,"$38,078.82","$50,037.87",33,38,15,4,5,3,6,2,2,0,0,0
7/21/2021,648,"$37,443.21","$49,202.64",27,34,10,8,3,5,5,1,1,1,0,0
7/22/2021,638,"$36,865.38","$48,443.34",24,33,6,2,8,6,6,1,1,1,2,0
7/23/2021,634,"$36,634.25","$48,139.62",29,27,12,4,5,0,3,2,1,0,0,0
7/24/2021,626,"$36,171.99","$47,532.18",19,25,9,3,2,3,4,3,0,1,0,0
7/25/2021,633,"$36,576.47","$48,063.69",32,23,10,3,0,2,0,3,2,2,1,0
7/26/2021,639,"$36,923.16","$48,519.27",29,31,15,5,2,0,3,2,1,2,0,0
7/27/2021,633,"$36,576.47","$48,063.69",25,24,9,2,2,3,4,1,1,2,0,0
7/28/2021,627,"$36,229.77","$47,608.11",18,42,7,3,5,7,4,5,3,5,1,0
7/29/2021,636,"$36,749.82","$48,291.48",51,46,15,3,1,5,5,7,3,6,1,0
7/30/2021,625,"$36,114.21","$47,456.25",35,30,9,5,3,4,6,2,0,1,0,0
7/31/2021,618,"$35,709.73","$46,924.74",23,21,4,7,4,0,3,0,1,1,0,0
8/1/2021,631,"$38,233.64","$47,911.83",34,22,8,7,2,1,1,0,1,2,0,0
8/2/2021,641,"$38,839.56","$48,671.13",32,36,20,3,3,3,2,3,0,2,0,0
8/3/2021,620,"$37,567.13","$47,076.60",15,32,6,6,3,7,4,5,0,1,0,0
8/4/2021,625,"$37,870.09","$47,456.25",37,40,16,3,7,2,4,5,0,2,0,0
8/5/2021,620,"$37,567.13","$47,076.60",35,38,9,5,4,7,2,4,3,3,0,0
8/6/2021,620,"$37,567.13","$47,076.60",38,37,12,6,4,6,4,3,0,2,0,0
8/7/2021,619,"$37,506.53","$47,000.67",36,19,12,4,0,2,0,0,0,1,0,0
8/8/2021,623,"$37,748.90","$47,304.39",23,19,8,2,3,1,2,3,0,0,0,0
8/9/2021,628,"$38,051.86","$47,684.04",24,22,8,2,4,3,4,0,0,1,0,0
8/10/2021,641,"$38,839.56","$48,671.13",35,46,17,4,7,8,0,6,0,4,0,0
8/11/2021,636,"$38,536.60","$48,291.48",41,48,22,5,12,5,0,1,1,2,0,0
8/12/2021,632,"$38,294.23","$47,987.76",44,28,10,4,2,4,4,2,1,0,0,0
8/13/2021,649,"$39,324.30","$49,278.57",45,25,9,1,3,5,1,3,1,2,0,0
8/14/2021,660,"$39,990.81","$50,113.80",36,30,15,7,3,3,1,1,0,0,0,0
8/15/2021,649,"$39,324.30","$49,278.57",19,29,13,8,1,3,3,0,1,0,0,0
8/16/2021,642,"$38,900.15","$48,747.06",22,15,5,1,2,1,3,2,0,1,0,0
8/17/2021,661,"$40,051.40","$50,189.73",34,30,13,5,7,1,2,1,1,0,0,0
8/18/2021,666,"$40,354.37","$50,569.38",35,52,8,8,8,9,10,5,1,2,1,0
8/19/2021,661,"$40,051.40","$50,189.73",47,59,25,15,2,5,4,7,0,0,0,0
8/20/2021,633,"$38,354.82","$48,063.69",31,29,11,6,3,1,3,3,1,1,0,0
8/21/2021,640,"$38,778.97","$48,595.20",36,15,11,2,1,1,0,0,0,0,0,0
8/22/2021,648,"$39,263.71","$49,202.64",23,13,9,0,2,1,0,0,0,0,1,0
8/23/2021,672,"$40,717.92","$51,024.96",37,31,12,3,8,1,3,1,0,2,0,0
8/24/2021,669,"$40,536.14","$50,797.17",28,26,12,3,3,1,1,4,0,2,0,0
8/25/2021,675,"$40,899.69","$51,252.75",32,30,9,8,2,3,5,1,0,2,0,0
8/26/2021,668,"$40,475.55","$50,721.24",23,27,8,3,3,2,8,0,0,3,0,0
8/27/2021,670,"$40,596.73","$50,873.10",29,37,12,2,2,4,6,3,3,3,2,0
8/28/2021,679,"$41,142.06","$51,556.47",46,40,20,10,5,2,3,0,0,0,0,0
8/29/2021,676,"$40,960.29","$51,328.68",37,32,16,10,1,2,1,1,0,0,0,0
8/30/2021,664,"$40,233.18","$50,417.52",20,27,6,2,2,6,3,3,1,4,0,0
8/31/2021,665,"$40,293.77","$50,493.45",28,29,7,8,1,4,2,2,1,3,1,0
9/1/2021,676,"$41,216.93","$51,328.68",40,40,18,6,8,6,0,2,0,0,0,0
9/2/2021,653,"$39,814.58","$49,582.29",17,31,4,2,4,4,7,3,3,4,0,0
9/3/2021,639,"$38,960.97","$48,519.27",17,28,8,10,3,3,1,0,2,1,0,0
9/4/2021,651,"$39,692.64","$49,430.43",40,25,12,4,2,1,2,2,1,1,0,0
9/5/2021,653,"$39,814.58","$49,582.29",27,21,11,5,1,3,0,1,0,0,0,0
9/6/2021,664,"$40,485.27","$50,417.52",32,19,8,4,4,1,1,0,1,0,0,0
9/7/2021,676,"$41,216.93","$51,328.68",31,43,15,5,4,3,8,2,1,1,3,0
9/8/2021,651,"$39,692.64","$49,430.43",18,40,6,3,3,3,13,5,0,5,2,0
9/9/2021,647,"$39,448.75","$49,126.71",36,40,14,2,5,4,8,4,0,1,2,0
9/10/2021,648,"$39,509.72","$49,202.64",41,43,19,5,7,2,2,4,1,1,1,0
9/11/2021,636,"$38,778.06","$48,291.48",31,15,8,1,1,2,1,1,0,1,0,0
9/12/2021,652,"$39,753.61","$49,506.36",31,28,10,11,3,1,1,1,0,1,0,0
9/13/2021,657,"$40,058.47","$49,886.01",33,44,13,6,7,7,4,2,2,1,2,0
9/14/2021,652,"$39,753.61","$49,506.36",39,48,12,6,6,7,3,5,3,2,3,0
9/15/2021,643,"$39,204.86","$48,822.99",39,27,16,1,4,0,3,1,0,1,1,0
9/16/2021,642,"$39,143.89","$48,747.06",26,37,12,7,4,3,4,4,1,2,0,0
9/17/2021,635,"$38,717.09","$48,215.55",30,37,11,4,6,4,6,3,3,0,0,0
9/18/2021,644,"$39,265.83","$48,898.92",46,23,9,2,4,5,1,1,0,1,0,0
9/19/2021,661,"$40,302.35","$50,189.73",40,18,11,4,1,1,0,1,0,0,0,0
9/20/2021,664,"$40,485.27","$50,417.52",21,40,8,10,3,5,7,4,1,0,2,0
9/21/2021,650,"$39,631.66","$49,354.50",26,35,10,4,4,2,4,7,1,1,1,0
9/22/2021,658,"$40,119.44","$49,961.94",43,37,16,1,5,6,4,3,2,0,0,0
9/23/2021,652,"$39,753.61","$49,506.36",31,63,13,7,8,10,4,10,4,4,2,0
9/24/2021,621,"$37,863.48","$47,152.53",32,32,10,1,5,4,4,2,2,2,2,0
9/25/2021,619,"$37,741.54","$47,000.67",30,32,14,6,4,5,0,2,0,1,0,0
9/26/2021,620,"$37,802.51","$47,076.60",33,24,13,3,1,1,4,2,0,0,0,0
9/27/2021,617,"$37,619.59","$46,848.81",21,38,9,3,8,6,4,5,3,0,0,0
9/28/2021,605,"$36,887.93","$45,937.65",26,34,10,4,2,5,4,3,2,3,0,0
9/29/2021,622,"$37,924.45","$47,228.46",51,39,18,1,7,3,2,6,0,1,1,0
9/30/2021,621,"$37,863.48","$47,152.53",38,30,12,4,3,6,2,2,0,1,0,0
10/1/2021,636,"$39,357.56","$48,291.48",45,34,6,5,5,8,7,1,1,1,0,0
10/2/2021,633,"$39,171.91","$48,063.69",31,33,14,14,0,3,0,0,0,1,1,0
10/3/2021,629,"$38,924.38","$47,759.97",29,22,14,2,3,2,0,1,0,0,0,0
10/4/2021,621,"$38,429.31","$47,152.53",14,34,6,5,8,2,7,3,1,1,1,0
10/5/2021,619,"$38,305.55","$47,000.67",32,27,12,4,3,4,1,0,1,1,1,0
10/6/2021,613,"$37,934.25","$46,545.09",21,27,7,6,1,4,6,1,1,1,0,0
10/7/2021,611,"$37,810.48","$46,393.23",25,25,8,4,3,4,3,0,0,1,2,0
10/8/2021,617,"$38,181.78","$46,848.81",31,29,10,3,3,7,2,0,2,2,0,0
10/9/2021,617,"$38,181.78","$46,848.81",29,16,12,0,0,1,1,2,0,0,0,0
10/10/2021,627,"$38,800.61","$47,608.11",26,16,9,2,2,2,0,0,1,0,0,0
10/11/2021,629,"$38,924.38","$47,759.97",18,32,8,4,5,6,6,2,1,0,0,0
10/12/2021,635,"$39,295.67","$48,215.55",38,43,24,2,3,8,3,2,0,1,0,0
10/13/2021,616,"$38,119.90","$46,772.88",24,24,9,0,3,6,2,2,0,1,1,0
10/14/2021,631,"$39,048.14","$47,911.83",39,48,12,1,3,8,14,4,2,1,3,0
10/15/2021,620,"$38,367.43","$47,076.60",37,33,16,2,4,5,2,3,0,0,1,0
10/16/2021,625,"$38,676.84","$47,456.25",38,18,12,3,0,0,2,1,0,0,0,0
10/17/2021,625,"$38,676.84","$47,456.25",18,17,7,5,1,1,2,1,0,0,0,0
10/18/2021,624,"$38,614.96","$47,380.32",16,41,5,3,8,4,11,7,2,1,0,0
10/19/2021,612,"$37,872.37","$46,469.16",29,36,16,3,3,4,6,2,0,1,1,0
10/20/2021,604,"$37,377.30","$45,861.72",28,28,12,3,2,1,5,2,1,2,0,0
10/21/2021,609,"$37,686.72","$46,241.37",33,23,14,7,5,6,4,2,3,4,1,0
10/22/2021,608.5,"$37,655.78","$46,203.41",22.5,23,0,0,0,0,0,0,0,0,0,0
10/23/2021,608,"$37,624.83","$46,165.44",22.5,10,3,0,3,2,1,0,0,1,0,0
10/24/2021,617,"$38,181.78","$46,848.81",19,19,8,7,1,1,1,1,0,0,0,0
10/25/2021,625,"$38,676.84","$47,456.25",27,41,17,7,0,11,3,0,0,0,2,0
10/26/2021,619,"$38,305.55","$47,000.67",35,30,11,1,2,6,4,2,1,3,0,0
10/27/2021,620,"$38,367.43","$47,076.60",31,47,11,11,3,9,5,2,1,4,1,0
10/28/2021,615,"$38,058.01","$46,696.95",42,39,15,2,7,4,5,5,0,1,0,0
10/29/2021,619,"$38,305.55","$47,000.67",43,37,11,5,2,4,4,4,3,3,1,0
10/30/2021,624,"$38,614.96","$47,380.32",42,32,22,7,0,0,0,2,0,0,1,0
10/31/2021,614,"$37,996.13","$46,621.02",22,22,8,7,0,1,2,2,1,0,1,0
11/1/2021,628,"$39,625.44","$47,684.04",36,27,8,2,6,2,4,4,1,0,0,0
11/2/2021,630,"$39,751.63","$47,835.90",29,28,10,5,5,2,2,1,0,2,1,0
11/3/2021,660,"$41,644.57","$50,113.80",58,62,14,10,12,15,6,2,1,0,2,0
11/4/2021,628,"$39,625.44","$47,684.04",30,35,7,7,7,5,2,5,1,1,0,0
11/5/2021,625,"$39,436.14","$47,456.25",32,36,13,5,5,6,2,1,0,2,2,0
11/6/2021,621,"$39,183.75","$47,152.53",32,31,14,4,5,2,2,2,0,2,0,0
11/7/2021,633,"$39,940.93","$48,063.69",43,24,14,5,1,2,0,2,0,0,0,0
11/8/2021,620,"$39,120.65","$47,076.60",11,34,8,3,4,4,4,5,2,2,2,0
11/9/2021,619,"$39,057.56","$47,000.67",33,34,11,3,4,3,3,4,2,2,2,0
11/10/2021,608,"$38,363.48","$46,165.44",23,43,8,3,8,9,8,4,1,1,1,0
11/11/2021,610,"$38,489.68","$46,317.30",45,4,1,0,1,0,1,1,0,0,0,0
11/12/2021,624,"$39,373.05","$47,380.32",18,49,9,16,5,5,8,2,2,2,0,0
11/13/2021,616,"$38,868.26","$46,772.88",41,28,18,3,2,2,3,0,0,0,0,0
11/14/2021,616,"$38,868.26","$46,772.88",28,16,10,3,3,0,0,0,0,0,0,0
11/15/2021,620,"$39,120.65","$47,076.60",20,28,12,4,2,3,2,2,0,1,2,0
11/16/2021,615,"$38,805.17","$46,696.95",23,23,6,0,7,4,2,1,1,1,1,0
11/17/2021,634,"$40,004.02","$48,139.62",42,39,16,1,5,8,6,0,0,2,1,0
11/18/2021,634,"$40,004.02","$48,139.62",39,39,12,4,5,5,6,5,0,2,0,0
11/19/2021,617,"$38,931.36","$46,848.81",22,26,10,0,5,4,4,0,0,2,1,0
11/20/2021,631,"$39,814.73","$47,911.83",40,23,16,5,0,0,0,1,1,0,0,0
11/21/2021,646,"$40,761.20","$49,050.78",38,31,16,6,3,2,1,1,0,1,1,0
11/22/2021,629,"$39,688.54","$47,759.97",14,68,6,9,15,10,25,1,0,2,0,0
11/23/2021,593,"$37,417.01","$45,026.49",32,31,13,4,6,4,2,2,0,0,0,0
11/24/2021,599,"$37,795.60","$45,482.07",37,25,9,2,8,4,1,1,0,0,0,0
11/25/2021,598,"$37,732.50","$45,406.14",24,18,10,1,1,5,1,0,0,0,0,0
11/26/2021,603,"$38,047.99","$45,785.79",23,15,12,0,0,0,2,1,0,0,0,0
11/27/2021,617,"$38,931.36","$46,848.81",29,17,12,2,0,0,2,0,0,1,0,0
11/28/2021,630,"$39,751.63","$47,835.90",30,26,12,5,2,2,3,2,0,0,0,0
11/29/2021,616,"$38,868.26","$46,772.88",12,25,2,4,7,5,3,2,1,1,0,0
11/30/2021,625,"$39,436.14","$47,456.25",34,33,10,4,3,6,3,3,3,1,0,0
12/1/2021,628,"$39,530.07","$47,684.04",36,27,13,3,2,7,2,0,0,0,0,0
12/2/2021,649,"$40,851.93","$49,278.57",48,54,17,5,3,7,10,5,2,4,1,0
12/3/2021,617,"$38,837.66","$46,848.81",22,32,8,7,1,3,5,5,1,2,0,0
12/4/2021,619,"$38,963.56","$47,000.67",34,23,14,6,0,2,0,1,0,0,0,0
12/5/2021,629,"$39,593.02","$47,759.97",33,9,5,3,1,0,0,0,0,0,0,0
12/6/2021,649,"$40,851.93","$49,278.57",29,35,13,2,4,4,3,5,1,0,2,0
12/7/2021,650,"$40,914.88","$49,354.50",36,55,17,6,8,6,8,3,1,2,4,0
12/8/2021,624,"$39,278.29","$47,380.32",29,31,5,3,5,5,5,5,2,0,1,0
12/9/2021,640,"$40,285.42","$48,595.20",47,42,15,2,8,8,2,3,1,2,1,0
12/10/2021,634,"$39,907.74","$48,139.62",36,29,13,3,4,1,3,3,0,1,1,0
12/11/2021,641,"$40,348.37","$48,671.13",36,26,18,4,1,0,1,2,0,0,0,0
12/12/2021,635,"$39,970.69","$48,215.55",20,23,11,5,2,2,1,0,0,2,0,0
12/13/2021,638,"$40,159.53","$48,443.34",26,33,7,3,7,7,2,0,3,2,2,0
12/14/2021,638,"$40,159.53","$48,443.34",33,40,17,8,5,1,2,4,0,3,0,0
12/15/2021,627,"$39,467.12","$47,608.11",29,30,8,3,7,8,3,0,0,0,1,0
12/16/2021,627,"$39,467.12","$47,608.11",30,51,16,3,0,6,8,4,2,7,5,0
12/17/2021,603,"$37,956.42","$45,785.79",27,31,7,6,3,3,6,3,1,2,0,0
12/18/2021,603,"$37,956.42","$45,785.79",31,21,13,3,1,1,0,0,3,0,0,0
12/19/2021,600,"$37,767.58","$45,558.00",18,23,6,7,4,2,0,0,2,2,0,0
12/20/2021,605,"$38,082.31","$45,937.65",28,40,12,8,5,6,4,2,0,2,1,0
12/21/2021,586,"$36,886.34","$44,494.98",21,41,11,6,5,9,5,2,0,3,0,0
12/22/2021,568,"$35,753.31","$43,128.24",23,18,5,3,1,0,3,3,0,2,0,1
12/23/2021,570,"$35,879.20","$43,280.10",20,16,9,2,1,1,1,1,0,1,0,0
12/24/2021,575,"$36,193.93","$43,659.75",21,16,8,3,0,4,0,0,0,1,0,0
12/25/2021,579,"$36,445.72","$43,963.47",20,15,8,1,0,1,3,1,1,0,0,0
12/26/2021,594,"$37,389.91","$45,102.42",30,30,16,4,0,2,6,1,0,0,1,0
12/27/2021,591,"$37,201.07","$44,874.63",27,25,7,2,3,4,5,0,0,3,1,0
12/28/2021,588,"$37,012.23","$44,646.84",22,29,13,1,5,0,4,4,0,1,1,0
12/29/2021,587,"$36,949.28","$44,570.91",28,11,8,0,0,0,1,2,0,0,0,0
12/30/2021,596,"$37,515.80","$45,254.28",20,14,4,1,2,2,1,2,2,0,0,0
12/31/2021,608,"$38,271.15","$46,165.44",26,14,8,2,1,0,1,2,0,0,0,0
1/1/2022,622,"$39,010.71","$47,228.46",28,13,12,0,0,0,1,0,0,0,0,0
1/2/2022,625,"$39,198.86","$47,456.25",16,23,6,5,3,3,3,0,1,2,0,0
1/3/2022,622,"$39,010.71","$47,228.46",20,26,3,2,4,9,6,1,1,0,0,0
1/4/2022,616,"$38,634.40","$46,772.88",20,27,9,4,2,3,3,2,1,2,1,0
1/5/2022,610,"$38,258.09","$46,317.30",21,29,8,0,6,5,8,2,0,0,0,0
1/6/2022,615,"$38,571.68","$46,696.95",34,34,8,3,3,6,8,3,0,2,1,0
1/7/2022,600,"$37,630.91","$45,558.00",19,23,4,3,4,2,5,1,1,1,2,0
1/8/2022,602,"$37,756.34","$45,709.86",25,12,7,2,1,0,0,1,0,1,0,0
1/9/2022,605,"$37,944.50","$45,937.65",15,20,7,12,1,0,0,0,0,0,0,0
1/10/2022,608,"$38,132.65","$46,165.44",23,24,12,2,4,3,2,0,1,0,0,0
1/11/2022,620,"$38,885.27","$47,076.60",36,65,12,2,5,6,6,10,5,10,9,0
1/12/2022,584,"$36,627.42","$44,343.12",29,38,8,8,5,2,8,2,2,3,0,0
1/13/2022,590,"$37,003.73","$44,798.70",44,49,17,1,5,4,4,8,5,4,1,0
1/14/2022,574,"$36,000.24","$43,583.82",33,29,9,4,4,4,2,4,1,1,0,0
1/15/2022,573,"$35,937.52","$43,507.89",28,13,6,5,0,1,1,0,0,0,0,0
1/16/2022,604,"$37,881.78","$45,861.72",44,22,13,4,1,1,0,2,0,1,0,0
1/17/2022,597,"$37,442.75","$45,330.21",15,9,4,0,3,0,2,0,0,0,0,0
1/18/2022,612,"$38,383.53","$46,469.16",24,45,15,7,6,6,5,3,1,0,2,0
1/19/2022,596,"$37,380.04","$45,254.28",29,28,10,1,9,2,3,3,0,0,0,0
1/20/2022,603,"$37,819.06","$45,785.79",35,32,6,5,2,7,2,5,1,3,1,0
1/21/2022,616,"$38,634.40","$46,772.88",45,34,18,2,5,1,5,2,1,0,0,0
1/22/2022,602,"$37,756.34","$45,709.86",20,10,5,1,1,1,2,0,0,0,0,0
1/23/2022,619,"$38,822.55","$47,000.67",27,10,6,1,0,1,2,0,0,0,0,0
1/24/2022,628,"$39,387.02","$47,684.04",19,29,4,4,2,7,5,2,2,3,0,0
1/25/2022,625,"$39,198.86","$47,456.25",26,30,7,5,6,5,2,2,2,0,1,0
1/26/2022,618,"$38,759.84","$46,924.74",23,35,11,2,11,2,4,2,1,1,1,0
1/27/2022,628,"$39,387.02","$47,684.04",45,29,14,2,3,4,2,1,2,0,1,0
1/28/2022,648,"$40,641.38","$49,202.64",49,34,11,4,4,5,2,3,3,2,0,0
1/29/2022,650,"$40,766.82","$49,354.50",36,25,15,3,1,3,2,0,1,0,0,0
1/30/2022,658,"$41,268.56","$49,961.94",33,25,19,6,0,0,0,0,0,0,0,0
1/31/2022,653,"$40,954.97","$49,582.29",20,24,5,3,8,4,2,1,1,0,0,0
2/1/2022,655,"$41,130.14","$49,734.15",26,46,12,11,6,2,6,4,2,1,2,0
2/2/2022,642,"$40,313.82","$48,747.06",33,42,12,3,9,6,7,2,1,1,1,0
2/3/2022,644,"$40,439.41","$48,898.92",44,40,17,2,2,7,5,3,0,3,1,0
2/4/2022,641,"$40,251.02","$48,671.13",37,25,13,2,5,4,1,0,0,0,0,0
2/5/2022,635,"$39,874.26","$48,215.55",19,22,11,3,1,0,3,1,0,2,1,0
2/6/2022,632,"$39,685.88","$47,987.76",19,14,6,0,0,3,3,1,0,0,1,0
2/7/2022,654,"$41,067.35","$49,658.22",36,33,13,1,7,4,3,2,1,2,0,0
2/8/2022,663,"$41,632.49","$50,341.59",42,24,11,4,4,4,1,0,0,0,0,0
2/9/2022,664,"$41,695.29","$50,417.52",25,59,13,11,9,12,6,2,3,3,0,0
2/10/2022,640,"$40,188.23","$48,595.20",35,25,10,2,4,0,5,2,1,1,0,0
2/11/2022,650,"$40,816.17","$49,354.50",35,41,13,5,7,4,8,1,0,1,0,1
2/12/2022,646,"$40,565.00","$49,050.78",37,21,13,3,2,1,0,1,0,0,1,0
2/13/2022,654,"$41,067.35","$49,658.22",29,19,10,3,1,1,2,0,1,0,1,0
2/14/2022,666,"$41,820.88","$50,569.38",31,33,14,4,5,3,3,4,0,0,0,0
2/15/2022,666,"$41,820.88","$50,569.38",33,31,13,4,1,3,6,1,0,2,1,0
2/16/2022,672,"$42,197.64","$51,024.96",37,33,16,3,4,3,4,2,0,0,1,0
2/17/2022,692,"$43,453.52","$52,543.56",53,32,11,6,4,5,5,1,0,0,0,0
2/18/2022,683,"$42,888.38","$51,860.19",23,30,7,2,4,8,7,1,0,1,0,0
2/19/2022,689,"$43,265.14","$52,315.77",36,23,8,8,2,3,1,0,0,0,1,0
2/20/2022,701,"$44,018.67","$53,226.93",35,20,17,0,1,0,0,1,1,0,0,0
2/21/2022,706,"$44,332.64","$53,606.58",25,28,8,7,6,2,1,0,1,1,1,1
2/22/2022,710,"$44,583.82","$53,910.30",32,33,9,4,3,7,7,1,0,1,1,0
2/23/2022,705,"$44,269.85","$53,530.65",28,38,7,1,12,9,4,2,0,1,2,0
2/24/2022,703,"$44,144.26","$53,378.79",36,33,9,3,3,3,4,7,0,3,1,0
2/25/2022,703,"$44,144.26","$53,378.79",33,51,13,9,14,4,6,4,0,0,1,0
2/26/2022,685,"$43,013.97","$52,012.05",33,28,16,2,2,3,2,2,0,0,1,0
2/27/2022,693,"$43,516.32","$52,619.49",36,24,12,2,1,3,2,2,2,0,0,0
2/28/2022,694,"$43,579.11","$52,695.42",25,38,6,7,14,3,5,2,0,1,0,0
3/1/2022,691,"$43,180.86","$52,467.63",35,37,10,8,4,7,4,4,0,0,0,0
3/2/2022,684,"$42,743.43","$51,936.12",30,29,13,2,2,1,1,0,2,4,3,0
3/3/2022,675,"$42,181.01","$51,252.75",20,26,11,7,1,1,1,2,1,0,2,0
3/4/2022,687,"$42,930.90","$52,163.91",38,23,9,0,4,0,4,3,1,2,0,0
3/5/2022,699,"$43,680.78","$53,075.07",35,20,11,3,0,1,3,0,1,1,0,0
3/6/2022,713,"$44,555.65","$54,138.09",34,20,11,5,0,1,1,0,1,1,0,0
3/7/2022,720,"$44,993.08","$54,669.60",27,69,14,6,10,13,2,3,3,6,5,2
3/8/2022,666,"$41,618.60","$50,569.38",15,37,10,3,5,9,8,2,0,0,0,0
3/9/2022,674,"$42,118.52","$51,176.82",45,29,10,2,2,7,5,1,0,1,1,0
3/10/2022,677,"$42,305.99","$51,404.61",32,40,11,3,4,6,8,6,0,2,0,0
3/11/2022,680,"$42,493.47","$51,632.40",43,31,12,6,1,3,4,1,0,3,1,0
3/12/2022,678,"$42,368.48","$51,480.54",29,12,8,2,0,0,1,0,0,1,0,0
3/13/2022,698,"$43,618.29","$52,999.14",32,26,17,5,1,0,0,1,0,1,0,1
3/14/2022,691,"$43,180.86","$52,467.63",19,66,15,5,15,7,7,7,5,3,2,0
3/15/2022,657,"$41,056.19","$49,886.01",32,27,9,0,6,4,3,2,0,1,2,0
3/16/2022,657,"$41,056.19","$49,886.01",27,26,6,5,3,3,3,5,0,0,1,0
3/17/2022,656,"$40,993.70","$49,810.08",25,56,6,3,3,3,2,8,10,18,3,0
3/18/2022,615,"$38,431.59","$46,696.95",15,24,5,2,5,5,2,2,1,0,2,0
3/19/2022,649,"$40,556.26","$49,278.57",58,30,20,1,2,2,2,1,0,1,0,1
3/20/2022,659,"$41,181.17","$50,037.87",40,17,8,4,1,3,0,0,0,1,0,0
3/21/2022,660,"$41,243.66","$50,113.80",18,45,5,12,7,3,12,3,1,1,1,0
3/22/2022,650,"$40,618.75","$49,354.50",35,15,3,3,2,3,4,0,0,0,0,0
3/23/2022,652,"$40,743.73","$49,506.36",17,57,6,16,9,8,13,5,0,0,0,0
3/24/2022,623,"$38,931.51","$47,304.39",28,30,9,4,4,4,5,3,0,1,0,0
3/25/2022,624,"$38,994.00","$47,380.32",31,34,10,0,9,4,4,2,2,2,1,0
3/26/2022,617,"$38,556.57","$46,848.81",27,17,6,4,3,0,1,0,2,1,0,0
3/27/2022,622,"$38,869.02","$47,228.46",22,11,3,6,0,1,1,0,0,0,0,0
3/28/2022,635,"$39,681.40","$48,215.55",24,35,9,3,10,4,3,2,2,1,1,0
3/29/2022,631,"$39,431.44","$47,911.83",31,27,6,9,4,4,3,0,0,0,1,0
3/30/2022,638,"$39,868.87","$48,443.34",34,30,8,4,2,3,7,3,2,1,0,0
3/31/2022,633,"$39,556.42","$48,063.69",25,21,5,4,2,2,7,1,0,0,0,0
4/1/2022,652,"$40,595.22","$49,506.36",40,35,15,10,2,3,3,2,0,0,0,0
4/2/2022,654,"$40,719.74","$49,658.22",37,30,20,2,3,2,1,1,0,0,1,0
4/3/2022,647,"$40,283.90","$49,126.71",23,20,11,1,0,2,2,2,1,1,0,0
4/4/2022,654,"$40,719.74","$49,658.22",27,22,11,2,2,4,1,0,0,1,1,0
4/5/2022,657,"$40,906.53","$49,886.01",25,29,10,1,5,1,1,5,2,4,0,0
4/6/2022,648,"$40,346.16","$49,202.64",20,22,6,2,2,6,3,2,1,0,0,0
4/7/2022,673,"$41,902.73","$51,100.89",47,38,16,2,6,2,4,4,2,2,0,0
4/8/2022,668,"$41,591.42","$50,721.24",33,32,14,6,4,3,2,0,0,2,1,0
4/9/2022,659,"$41,031.05","$50,037.87",23,23,13,3,1,1,3,1,1,0,0,0
4/10/2022,670,"$41,715.94","$50,873.10",34,17,10,2,1,1,1,0,0,0,1,1
4/11/2022,677,"$42,151.78","$51,404.61",24,33,9,2,7,7,4,3,0,1,0,0
4/12/2022,684,"$42,587.62","$51,936.12",40,47,18,8,7,2,6,1,3,1,1,0
4/13/2022,676,"$42,089.52","$51,328.68",39,32,10,6,2,3,5,1,2,1,2,0
4/14/2022,669,"$41,653.68","$50,797.17",25,32,7,6,1,4,5,4,1,3,1,0
4/15/2022,683,"$42,525.36","$51,860.19",46,24,13,1,2,1,3,2,1,1,0,0
4/16/2022,688,"$42,836.67","$52,239.84",29,23,13,1,3,1,2,1,1,1,0,0
4/17/2022,688,"$42,836.67","$52,239.84",23,14,9,3,1,0,0,1,0,0,0,0
4/18/2022,698,"$43,459.29","$52,999.14",24,37,10,3,4,10,6,3,0,0,1,0
4/19/2022,691,"$43,023.46","$52,467.63",30,35,10,4,5,4,3,1,3,4,1,0
4/20/2022,692,"$43,085.72","$52,543.56",36,29,7,4,4,4,3,5,2,0,0,0
4/21/2022,691,"$43,023.46","$52,467.63",28,31,10,5,5,5,3,1,2,0,0,0
4/22/2022,699,"$43,521.56","$53,075.07",39,41,13,2,2,4,7,3,2,7,1,0
4/23/2022,685,"$42,649.88","$52,012.05",27,13,6,1,2,2,1,0,0,1,0,0
4/24/2022,704,"$43,832.87","$53,454.72",32,26,15,8,1,0,1,0,0,1,0,0
4/25/2022,701,"$43,646.08","$53,226.93",23,24,7,3,3,4,4,2,0,0,1,0
4/26/2022,713,"$44,393.23","$54,138.09",36,40,12,1,8,7,3,2,1,3,2,1
4/27/2022,708,"$44,081.92","$53,758.44",35,44,13,7,2,6,7,4,2,2,0,1
4/28/2022,703,"$43,770.61","$53,378.79",39,32,11,5,4,5,3,2,1,1,0,0
4/29/2022,703,"$43,770.61","$53,378.79",32,42,16,2,5,5,9,1,3,1,0,0
4/30/2022,704,"$43,832.87","$53,454.72",43,20,11,2,1,0,3,1,1,1,0,0
5/1/2022,711,"$44,916.54","$53,986.23",27,20,8,8,0,0,2,1,1,0,0,0
5/2/2022,727,"$45,927.32","$55,201.11",36,47,18,4,10,5,5,1,1,1,2,0
5/3/2022,703,"$44,411.15","$53,378.79",23,39,9,3,12,10,2,2,0,1,0,0
5/4/2022,696,"$43,968.94","$52,847.28",32,33,10,2,5,4,8,1,0,2,1,0
5/5/2022,706,"$44,600.67","$53,606.58",43,42,13,6,8,5,5,1,2,1,1,0
5/6/2022,711,"$44,916.54","$53,986.23",47,40,16,4,3,6,2,4,1,1,2,1
5/7/2022,709,"$44,790.20","$53,834.37",38,16,7,5,0,0,1,2,0,1,0,0
5/8/2022,724,"$45,737.80","$54,973.32",31,23,6,7,1,0,1,4,0,1,2,0
5/9/2022,738,"$46,622.23","$56,036.34",37,67,12,6,4,1,5,14,5,11,9,0
5/10/2022,704,"$44,474.33","$53,454.72",33,53,18,2,5,4,7,6,8,2,1,0
5/11/2022,697,"$44,032.11","$52,923.21",46,37,17,4,4,3,0,4,2,2,1,0
5/12/2022,689,"$43,526.72","$52,315.77",29,43,11,3,13,4,5,6,0,1,0,0
5/13/2022,686,"$43,337.20","$52,087.98",40,39,13,3,5,6,10,0,1,0,1,0
5/14/2022,683,"$43,147.68","$51,860.19",36,21,10,5,0,3,1,1,0,1,0,0
5/15/2022,691,"$43,653.07","$52,467.63",29,19,13,0,0,3,2,0,0,1,0,0
5/16/2022,693,"$43,779.42","$52,619.49",21,32,10,2,8,4,3,4,1,0,0,0
5/17/2022,688,"$43,463.55","$52,239.84",27,31,6,5,5,4,6,2,1,2,0,0
5/18/2022,691,"$43,653.07","$52,467.63",34,31,8,2,6,9,1,1,1,3,0,0
5/19/2022,716,"$45,232.41","$54,365.88",56,47,17,3,6,9,5,3,2,2,0,0
5/20/2022,713,"$45,042.89","$54,138.09",44,23,8,7,1,1,2,2,1,1,0,0
5/21/2022,711,"$44,916.54","$53,986.23",21,15,9,3,1,2,0,0,0,0,0,0
5/22/2022,715,"$45,169.24","$54,289.95",19,19,8,3,0,3,3,1,0,0,1,0
5/23/2022,724,"$45,737.80","$54,973.32",28,24,8,1,4,3,5,1,0,1,1,0
5/24/2022,728,"$45,990.50","$55,277.04",28,35,6,3,5,5,6,3,3,4,0,0
5/25/2022,725,"$45,800.98","$55,049.25",32,68,8,7,11,10,13,9,3,6,1,0
5/26/2022,695,"$43,905.76","$52,771.35",38,37,12,7,5,9,3,1,0,0,0,0
5/27/2022,671,"$42,389.59","$50,949.03",13,26,4,5,2,7,4,2,0,2,0,0
5/28/2022,702,"$44,347.98","$53,302.86",57,24,16,2,1,1,2,0,0,2,0,0
5/29/2022,698,"$44,095.28","$52,999.14",20,16,6,4,1,1,1,1,2,0,0,0
5/30/2022,713,"$45,042.89","$54,138.09",31,20,16,0,0,2,1,1,0,0,0,0
5/31/2022,720,"$45,485.11","$54,669.60",27,24,7,3,2,4,5,1,1,1,0,0
6/1/2022,726,"$46,029.53","$55,125.18",30,32,7,4,3,9,3,2,2,2,0,0
6/2/2022,727,"$46,092.93","$55,201.11",33,36,13,3,5,5,4,1,3,2,0,0
6/3/2022,716,"$45,395.51","$54,365.88",25,26,2,4,4,4,6,1,2,2,0,0
6/4/2022,713,"$45,205.31","$54,138.09",23,18,9,1,2,1,2,1,0,2,0,0
6/5/2022,724,"$45,902.72","$54,973.32",29,21,9,4,1,4,2,0,1,0,0,0
6/6/2022,722,"$45,775.92","$54,821.46",19,28,9,3,7,3,2,2,0,1,1,0
6/7/2022,724,"$45,902.72","$54,973.32",30,24,3,2,1,3,8,2,3,1,1,0
6/8/2022,750,"$47,551.16","$56,947.50",50,38,15,1,5,6,5,2,1,2,1,0
6/9/2022,731,"$46,346.53","$55,504.83",19,27,8,7,3,2,1,0,1,3,2,0
6/10/2022,756,"$47,931.57","$57,403.08",52,47,18,5,4,5,7,2,3,3,0,0
6/11/2022,750,"$47,551.16","$56,947.50",41,20,11,0,2,0,3,3,1,0,0,0
6/12/2022,760,"$48,185.18","$57,706.80",30,28,13,3,1,5,2,3,1,0,0,0
6/13/2022,765,"$48,502.19","$58,086.45",33,54,4,5,6,5,14,8,8,3,1,0
6/14/2022,733,"$46,473.34","$55,656.69",22,32,7,4,4,4,8,2,0,1,2,0
6/15/2022,744,"$47,170.75","$56,491.92",43,41,12,5,8,6,4,4,1,1,0,0
6/16/2022,754,"$47,804.77","$57,251.22",51,42,19,4,5,6,4,1,1,2,0,0
6/17/2022,735,"$46,600.14","$55,808.55",23,31,10,7,4,4,1,3,1,1,0,0
6/18/2022,730,"$46,283.13","$55,428.90",26,17,8,3,1,2,1,2,0,0,0,0
6/19/2022,736,"$46,663.54","$55,884.48",23,18,9,1,1,1,2,1,1,2,0,0
6/20/2022,744,"$47,170.75","$56,491.92",26,19,5,0,4,5,4,1,0,0,0,0
6/21/2022,767,"$48,628.99","$58,238.31",42,52,14,4,7,5,4,6,7,5,0,0
6/22/2022,743,"$47,107.35","$56,415.99",28,35,13,3,4,5,5,3,1,1,0,0
6/23/2022,744,"$47,170.75","$56,491.92",36,46,13,5,8,6,6,6,0,1,1,0
6/24/2022,732,"$46,409.93","$55,580.76",34,31,9,4,7,2,2,5,0,2,0,0
6/25/2022,727,"$46,092.93","$55,201.11",26,11,6,1,0,0,3,0,0,1,0,0
6/26/2022,752,"$47,677.97","$57,099.36",36,18,10,3,2,2,1,0,0,0,0,0
6/27/2022,764,"$48,438.78","$58,010.52",30,35,9,5,2,6,7,3,2,0,1,0
6/28/2022,761,"$48,248.58","$57,782.73",32,36,7,5,6,7,2,5,2,2,0,0
6/29/2022,762,"$48,311.98","$57,858.66",37,46,10,4,7,4,10,3,4,3,1,0
6/30/2022,762,"$48,311.98","$57,858.66",46,40,16,5,4,8,3,1,1,1,1,0
7/1/2022,753,"$47,798.54","$57,175.29",31,71,12,7,14,4,24,5,1,1,3,0
7/2/2022,722,"$45,830.74","$54,821.46",40,10,5,2,2,1,0,0,0,0,0,0
7/3/2022,734,"$46,592.47","$55,732.62",22,20,7,5,2,1,1,3,1,0,0,0
7/4/2022,746,"$47,354.20","$56,643.78",32,17,12,1,1,1,1,0,0,1,0,0
7/5/2022,754,"$47,862.02","$57,251.22",25,34,10,3,9,4,3,3,1,1,0,0
7/6/2022,740,"$46,973.34","$56,188.20",20,39,5,4,9,4,7,3,2,4,1,0
7/7/2022,731,"$46,402.04","$55,504.83",30,62,9,5,6,10,8,7,8,7,2,0
7/8/2022,707,"$44,878.58","$53,682.51",38,52,12,6,7,14,9,1,3,0,0,0
7/9/2022,688,"$43,672.51","$52,239.84",33,14,8,3,1,1,1,0,0,0,0,0
7/10/2022,709,"$45,005.53","$53,834.37",35,19,6,1,3,0,3,4,1,0,1,0
7/11/2022,712,"$45,195.97","$54,062.16",22,27,7,3,3,5,4,3,2,0,0,0
7/12/2022,706,"$44,815.10","$53,606.58",21,33,6,2,8,5,6,4,0,2,0,0
7/13/2022,706,"$44,815.10","$53,606.58",33,50,9,6,7,9,8,5,3,3,0,0
7/14/2022,709,"$45,005.53","$53,834.37",53,43,15,6,7,5,2,1,5,2,0,0
7/15/2022,691,"$43,862.94","$52,467.63",25,24,3,3,7,2,4,3,0,0,2,0
7/16/2022,697,"$44,243.80","$52,923.21",30,17,9,2,2,1,1,1,1,0,0,0
7/17/2022,715,"$45,386.40","$54,289.95",35,28,16,4,1,2,1,3,0,1,0,0
7/18/2022,720,"$45,703.79","$54,669.60",33,38,4,3,14,8,4,4,0,1,0,0
7/19/2022,708,"$44,942.06","$53,758.44",26,38,14,4,6,3,4,2,2,2,1,0
7/20/2022,695,"$44,116.85","$52,771.35",25,29,4,1,10,3,3,2,1,3,1,1
7/21/2022,698,"$44,307.28","$52,999.14",32,47,7,3,9,9,7,4,5,3,0,0
7/22/2022,676,"$42,910.78","$51,328.68",25,28,3,2,5,5,4,6,3,0,0,0
7/23/2022,692,"$43,926.42","$52,543.56",44,41,12,1,2,3,7,10,3,2,1,0
7/24/2022,682,"$43,291.64","$51,784.26",31,29,13,6,1,1,2,6,0,0,0,0
7/25/2022,669,"$42,466.43","$50,797.17",16,17,5,1,3,2,5,0,1,0,0,0
7/26/2022,738,"$46,846.38","$56,036.34",86,54,29,8,4,5,3,1,1,2,1,0
7/27/2022,714,"$45,322.92","$54,214.02",30,43,18,3,3,7,3,5,0,3,1,0
7/28/2022,705,"$44,751.62","$53,530.65",34,35,8,4,4,9,2,5,2,0,1,0
7/29/2022,700,"$44,434.24","$53,151.00",30,39,10,10,8,4,2,2,0,2,1,0
7/30/2022,672,"$42,656.87","$51,024.96",11,10,3,3,2,1,0,0,1,0,0,0
7/31/2022,702,"$44,561.19","$53,302.86",40,19,13,0,1,1,2,2,0,0,0,0
8/1/2022,701,"$45,721.93","$53,226.93",18,25,6,1,4,7,1,3,1,1,1,0
8/2/2022,702,"$45,787.16","$53,302.86",26,48,11,2,3,11,11,6,2,2,0,0
8/3/2022,698,"$45,526.26","$52,999.14",44,38,14,4,6,4,4,4,0,2,0,0
8/4/2022,684,"$44,613.13","$51,936.12",24,29,11,3,3,4,5,1,2,0,0,0
8/5/2022,687,"$44,808.80","$52,163.91",32,19,3,1,3,3,3,1,2,2,1,0
8/6/2022,704,"$45,917.60","$53,454.72",36,19,9,2,1,3,2,1,0,1,0,0
8/7/2022,716,"$46,700.29","$54,365.88",31,20,8,6,3,1,1,0,0,1,0,0
8/8/2022,721,"$47,026.41","$54,745.53",25,37,6,5,5,8,5,2,1,3,2,0
8/9/2022,702,"$45,787.16","$53,302.86",18,23,7,2,6,3,0,1,1,2,0,0
8/10/2022,711,"$46,374.17","$53,986.23",32,29,4,1,6,3,5,4,3,2,1,0
8/11/2022,721,"$47,026.41","$54,745.53",39,38,14,4,4,3,8,2,2,1,0,0
8/12/2022,713,"$46,504.62","$54,138.09",30,41,16,5,5,6,7,1,1,0,0,0
8/13/2022,698,"$45,526.26","$52,999.14",26,13,5,3,1,2,1,0,0,0,1,0
8/14/2022,714,"$46,569.84","$54,214.02",29,16,5,4,1,1,1,2,1,1,0,0
8/15/2022,729,"$47,548.20","$55,352.97",31,31,8,4,7,4,4,2,1,1,0,0
8/16/2022,744,"$48,526.56","$56,491.92",46,50,15,5,7,7,9,4,1,2,0,0
8/17/2022,724,"$47,222.08","$54,973.32",30,23,8,1,2,4,6,1,0,1,0,0
8/18/2022,734,"$47,874.32","$55,732.62",33,33,6,5,2,6,5,4,1,3,1,0
8/19/2022,735,"$47,939.54","$55,808.55",34,53,12,10,8,5,7,6,1,3,1,0
8/20/2022,735,"$47,939.54","$55,808.55",53,23,17,1,1,0,2,0,0,1,0,1
8/21/2022,745,"$48,591.78","$56,567.85",33,28,16,6,1,0,4,0,0,0,1,0
8/22/2022,738,"$48,135.22","$56,036.34",21,36,10,5,6,5,5,3,0,2,0,0
8/23/2022,736,"$48,004.77","$55,884.48",34,35,14,2,6,7,2,2,0,2,0,0
8/24/2022,734,"$47,874.32","$55,732.62",33,36,7,1,6,9,5,1,2,4,1,0
8/25/2022,733,"$47,809.10","$55,656.69",35,51,18,2,7,8,5,6,3,1,1,0
8/26/2022,749,"$48,852.68","$56,871.57",67,40,16,3,4,2,7,5,0,1,2,0
8/27/2022,750,"$48,917.90","$56,947.50",41,15,10,0,1,2,0,1,1,0,0,0
8/28/2022,758,"$49,439.69","$57,554.94",23,21,5,7,2,1,1,3,0,2,0,0
8/29/2022,758,"$49,439.69","$57,554.94",21,31,7,3,6,5,3,5,1,1,0,0
8/30/2022,767,"$50,026.71","$58,238.31",40,50,12,7,4,10,8,6,0,2,1,0
8/31/2022,755,"$49,244.02","$57,327.15",38,58,11,9,10,9,7,5,1,6,0,0
9/1/2022,721,"$46,150.48","$54,745.53",24,35,10,3,5,4,7,0,1,4,1,0
9/2/2022,724,"$46,342.51","$54,973.32",38,66,25,21,6,7,3,3,0,0,1,0
9/3/2022,688,"$44,038.19","$52,239.84",30,18,11,0,0,3,1,2,1,0,0,0
9/4/2022,704,"$45,062.33","$53,454.72",34,31,18,5,1,2,1,4,0,0,0,0
9/5/2022,699,"$44,742.28","$53,075.07",26,15,10,1,1,0,1,1,0,0,1,0
9/6/2022,707,"$45,254.36","$53,682.51",23,26,6,4,4,6,1,3,1,1,0,0
9/7/2022,723,"$46,278.50","$54,897.39",42,51,10,3,6,4,8,5,6,9,0,0
9/8/2022,716,"$45,830.44","$54,365.88",44,39,9,0,3,8,7,6,1,1,4,0
9/9/2022,727,"$46,534.54","$55,201.11",50,34,14,2,6,2,3,5,1,1,0,0
9/10/2022,722,"$46,214.49","$54,821.46",29,23,9,3,3,3,2,2,1,0,0,0
9/11/2022,722,"$46,214.49","$54,821.46",23,17,6,4,6,0,1,0,0,0,0,0
9/12/2022,742,"$47,494.67","$56,340.06",37,42,13,2,3,3,7,9,4,1,0,0
9/13/2022,731,"$46,790.57","$55,504.83",31,42,9,2,14,4,2,8,3,0,0,0
9/14/2022,722,"$46,214.49","$54,821.46",33,35,11,2,5,8,3,4,0,1,1,0
9/15/2022,711,"$45,510.39","$53,986.23",24,38,9,6,5,7,3,4,1,2,1,0
9/16/2022,711,"$45,510.39","$53,986.23",38,44,10,4,6,4,12,6,2,0,0,0
9/17/2022,705,"$45,126.34","$53,530.65",38,15,5,0,2,5,1,2,0,0,0,0
9/18/2022,713,"$45,638.41","$54,138.09",23,21,9,4,3,1,2,2,0,0,0,0
9/19/2022,708,"$45,318.36","$53,758.44",16,37,4,5,6,14,3,3,0,0,2,0
9/20/2022,704,"$45,062.33","$53,454.72",33,39,11,3,5,7,6,3,1,3,0,0
9/21/2022,711,"$45,510.39","$53,986.23",46,45,27,5,7,1,1,2,1,1,0,0
9/22/2022,693,"$44,358.23","$52,619.49",27,41,10,2,3,3,10,4,3,5,1,0
9/23/2022,704,"$45,062.33","$53,454.72",52,40,18,3,2,3,3,1,5,4,1,0
9/24/2022,700,"$44,806.29","$53,151.00",36,18,11,5,1,0,1,0,0,0,0,0
9/25/2022,710,"$45,446.38","$53,910.30",28,17,7,5,0,1,1,2,0,0,1,0
9/26/2022,716,"$45,830.44","$54,365.88",23,42,6,7,4,8,6,9,1,1,0,0
9/27/2022,700,"$44,806.29","$53,151.00",26,41,9,4,7,6,5,5,1,3,1,0
9/28/2022,704,"$45,062.33","$53,454.72",45,45,16,3,11,3,9,1,2,0,0,0
9/29/2022,685,"$43,846.16","$52,012.05",26,53,10,11,3,10,8,7,1,2,1,0
9/30/2022,658,"$42,117.92","$49,961.94",26,32,7,2,2,5,5,8,1,0,2,0
10/1/2022,655,"$41,229.61","$49,734.15",29,22,10,3,1,1,3,2,0,1,1,0
10/2/2022,657,"$41,355.50","$49,886.01",24,17,10,2,0,0,1,2,1,0,1,0
10/3/2022,665,"$41,859.07","$50,493.45",25,40,14,4,6,5,2,4,1,4,0,0
10/4/2022,649,"$40,851.93","$49,278.57",24,30,3,3,3,2,6,4,4,4,1,0
10/5/2022,641,"$40,348.37","$48,671.13",22,39,6,4,5,8,9,4,2,1,0,0
10/6/2022,655,"$41,229.61","$49,734.15",53,52,23,5,3,6,10,3,1,1,0,0
10/7/2022,630,"$39,655.96","$47,835.90",27,34,8,2,2,9,6,2,2,1,1,1
10/8/2022,635,"$39,970.69","$48,215.55",39,31,14,8,1,5,1,2,0,0,0,0
10/9/2022,634,"$39,907.74","$48,139.62",30,14,7,3,1,0,2,0,1,0,0,0
10/10/2022,646,"$40,663.10","$49,050.78",26,27,10,2,4,3,5,2,0,1,0,0
10/11/2022,651,"$40,977.83","$49,430.43",32,34,13,5,3,3,5,1,2,0,2,0
10/12/2022,658,"$41,418.45","$49,961.94",41,39,18,3,4,6,4,2,1,0,1,0
10/13/2022,654,"$41,166.66","$49,658.22",35,33,8,2,6,7,2,4,2,1,1,0
10/14/2022,658,"$41,418.45","$49,961.94",37,34,15,4,4,5,2,2,0,2,0,0
10/15/2022,657,"$41,355.50","$49,886.01",33,20,11,4,0,1,1,2,1,0,0,0
10/16/2022,664,"$41,796.12","$50,417.52",27,14,7,3,0,0,1,2,1,0,0,0
10/17/2022,667,"$41,984.96","$50,645.31",17,41,8,3,8,9,6,2,0,4,1,0
10/18/2022,661,"$41,607.29","$50,189.73",35,33,8,5,4,9,5,0,1,1,0,0
10/19/2022,659,"$41,481.39","$50,037.87",31,37,8,4,11,4,7,3,0,0,0,0
10/20/2022,644,"$40,537.20","$48,898.92",22,35,4,8,5,8,2,5,2,1,0,0
10/21/2022,636,"$40,033.64","$48,291.48",27,37,13,6,3,7,4,2,0,2,0,0
10/22/2022,636,"$40,033.64","$48,291.48",37,31,16,1,3,1,2,3,0,4,1,0
10/23/2022,638,"$40,159.53","$48,443.34",33,15,10,2,0,1,2,0,0,0,0,0
10/24/2022,637,"$40,096.58","$48,367.41",14,28,5,8,4,4,2,1,4,0,0,0
10/25/2022,636,"$40,033.64","$48,291.48",27,0,0,0,0,0,0,0,0,0,0,0
10/26/2022,722,"$45,470.58","$54,849.92",,,,,,,,,,,,
10/27/2022,722,"$45,472.06","$54,851.70",,,,,,,,,,,,
10/28/2022,722,"$45,474.41","$54,854.53",,,,,,,,,,,,
10/29/2022,722,"$45,475.09","$54,855.36",,,,,,,,,,,,
10/30/2022,722,"$45,472.80","$54,852.59",,,,,,,,,,,,
10/31/2022,722,"$45,467.46","$54,846.15",,,,,,,,,,,,
11/1/2022,722,"$45,463.70","$54,841.61",,,,,,,,,,,,
11/2/2022,722,"$45,453.03","$54,828.75",,,,,,,,,,,,
11/3/2022,722,"$45,442.55","$54,816.10",,,,,,,,,,,,
11/4/2022,722,"$45,432.70","$54,804.22",,,,,,,,,,,,
11/5/2022,722,"$45,423.50","$54,793.12",,,,,,,,,,,,
11/6/2022,722,"$45,418.81","$54,787.46",,,,,,,,,,,,
11/7/2022,721,"$45,398.26","$54,762.67",,,,,,,,,,,,
11/8/2022,721,"$45,379.40","$54,739.93",,,,,,,,,,,,
11/9/2022,721,"$45,352.91","$54,707.97",,,,,,,,,,,,
11/10/2022,720,"$45,325.01","$54,674.32",,,,,,,,,,,,
11/11/2022,720,"$45,309.33","$54,655.40",,,,,,,,,,,,
11/12/2022,720,"$45,289.96","$54,632.04",,,,,,,,,,,,
11/13/2022,719,"$45,276.21","$54,615.45",,,,,,,,,,,,
11/14/2022,719,"$45,254.98","$54,589.84",,,,,,,,,,,,
11/15/2022,719,"$45,235.93","$54,566.87",,,,,,,,,,,,
11/16/2022,718,"$45,221.68","$54,549.67",,,,,,,,,,,,
11/17/2022,718,"$45,200.83","$54,524.52",,,,,,,,,,,,
11/18/2022,718,"$45,186.45","$54,507.17",,,,,,,,,,,,
11/19/2022,718,"$45,175.29","$54,493.72",,,,,,,,,,,,
11/20/2022,717,"$45,162.33","$54,478.08",,,,,,,,,,,,
11/21/2022,717,"$45,145.81","$54,458.15",,,,,,,,,,,,
11/22/2022,717,"$45,132.90","$54,442.59",,,,,,,,,,,,
11/23/2022,717,"$45,127.98","$54,436.65",,,,,,,,,,,,
11/24/2022,717,"$45,123.55","$54,431.31",,,,,,,,,,,,
11/25/2022,717,"$45,122.19","$54,429.67",,,,,,,,,,,,
11/26/2022,717,"$45,118.43","$54,425.13",,,,,,,,,,,,
11/27/2022,717,"$45,115.20","$54,421.23",,,,,,,,,,,,
11/28/2022,717,"$45,106.11","$54,410.27",,,,,,,,,,,,
11/29/2022,716,"$45,097.44","$54,399.81",,,,,,,,,,,,
11/30/2022,716,"$45,087.06","$54,387.28",,,,,,,,,,,,
12/1/2022,716,"$45,073.66","$54,371.12",,,,,,,,,,,,
12/2/2022,716,"$45,058.45","$54,352.77",,,,,,,,,,,,
12/3/2022,716,"$45,052.06","$54,345.07",,,,,,,,,,,,
12/4/2022,716,"$45,049.17","$54,341.58",,,,,,,,,,,,
12/5/2022,716,"$45,046.44","$54,338.29",,,,,,,,,,,,
12/6/2022,715,"$45,033.21","$54,322.33",,,,,,,,,,,,
12/7/2022,715,"$45,023.75","$54,310.92",,,,,,,,,,,,
12/8/2022,715,"$45,012.18","$54,296.96",,,,,,,,,,,,
12/9/2022,715,"$45,003.56","$54,286.57",,,,,,,,,,,,
12/10/2022,715,"$44,999.70","$54,281.90",,,,,,,,,,,,
12/11/2022,715,"$44,995.57","$54,276.92",,,,,,,,,,,,
12/12/2022,715,"$44,993.74","$54,274.71",,,,,,,,,,,,
12/13/2022,715,"$45,000.23","$54,282.55",,,,,,,,,,,,
12/14/2022,715,"$45,002.88","$54,285.74",,,,,,,,,,,,
12/15/2022,715,"$45,007.98","$54,291.89",,,,,,,,,,,,
12/16/2022,715,"$45,018.16","$54,304.18",,,,,,,,,,,,
12/17/2022,715,"$45,030.56","$54,319.13",,,,,,,,,,,,
12/18/2022,716,"$45,044.78","$54,336.29",,,,,,,,,,,,
12/19/2022,716,"$45,057.04","$54,351.08",,,,,,,,,,,,
12/20/2022,716,"$45,068.57","$54,364.98",,,,,,,,,,,,
12/21/2022,716,"$45,080.20","$54,379.01",,,,,,,,,,,,
12/22/2022,716,"$45,084.25","$54,383.89",,,,,,,,,,,,
12/23/2022,716,"$45,091.63","$54,392.80",,,,,,,,,,,,
12/24/2022,716,"$45,099.44","$54,402.22",,,,,,,,,,,,
12/25/2022,717,"$45,105.98","$54,410.10",,,,,,,,,,,,
12/26/2022,717,"$45,109.51","$54,414.36",,,,,,,,,,,,
12/27/2022,717,"$45,109.10","$54,413.88",,,,,,,,,,,,
12/28/2022,717,"$45,113.64","$54,419.35",,,,,,,,,,,,
12/29/2022,717,"$45,123.23","$54,430.92",,,,,,,,,,,,
12/30/2022,717,"$45,138.85","$54,449.76",,,,,,,,,,,,
12/31/2022,717,"$45,157.65","$54,472.43",,,,,,,,,,,,